CustomerID,CustomerName,Phone,LoyaltyPoint
1,Customer 1,0957425900,733
2,Customer 2,0923936185,941
3,Customer 3,0943593857,557
4,Customer 4,0992995906,1012
5,Customer 5,0943765538,481
6,Customer 6,0912966067,883
7,Customer 7,0952315950,504
8,Customer 8,0957635314,240
9,Customer 9,0959238971,750
10,Customer 10,0916927259,859
11,Customer 11,0921789793,1098
12,Customer 12,0949423043,452
13,Customer 13,0967492767,490
14,Customer 14,0955053770,513
15,Customer 15,0952127124,641
16,Customer 16,0927448028,250
17,Customer 17,0930861953,830
18,Customer 18,0964157529,387
19,Customer 19,0990719191,1021
20,Customer 20,0998982872,598
21,Customer 21,0924027859,780
22,Customer 22,0927011763,254
23,Customer 23,0961280268,490
24,Customer 24,0974249050,539
25,Customer 25,0958118640,447
26,Customer 26,0995009142,791
27,Customer 27,0988719035,708
28,Customer 28,0984859585,603
29,Customer 29,0960341041,522
30,Customer 30,0924447816,517
31,Customer 31,0951636178,957
32,Customer 32,0978313528,380
33,Customer 33,0950194949,463
34,Customer 34,0940906411,579
35,Customer 35,0981680381,352
36,Customer 36,0923196111,401
37,Customer 37,0990884112,827
38,Customer 38,0987048364,950
39,Customer 39,0956415302,663
40,Customer 40,0917465455,695
41,Customer 41,0996744554,678
42,Customer 42,0959819281,572
43,Customer 43,0980624961,755
44,Customer 44,0930801055,646
45,Customer 45,0910611933,257
46,Customer 46,0917788121,385
47,Customer 47,0937639099,672
48,Customer 48,0932066927,503
49,Customer 49,0928358130,486
50,Customer 50,0928351477,572
51,Customer 51,0923742704,497
52,Customer 52,0929173783,235
53,Customer 53,0981370462,561
54,Customer 54,0936137035,608
55,Customer 55,0970215119,629
56,Customer 56,0950146407,559
57,Customer 57,0972947927,1008
58,Customer 58,0978105963,903
59,Customer 59,0918067925,598
60,Customer 60,0933042709,552
61,Customer 61,0966378313,929
62,Customer 62,0996850833,704
63,Customer 63,0913272101,559
64,Customer 64,0975868025,636
65,Customer 65,0983282904,1043
66,Customer 66,0936805991,632
67,Customer 67,0912693678,667
68,Customer 68,0931553577,344
69,Customer 69,0933731374,905
70,Customer 70,0961694617,377
71,Customer 71,0963175005,627
72,Customer 72,0992549118,486
73,Customer 73,0918691168,300
74,Customer 74,0994875367,959
75,Customer 75,0945894204,693
76,Customer 76,0963577448,733
77,Customer 77,0919314698,287
78,Customer 78,0988302859,545
79,Customer 79,0947625702,284
80,Customer 80,0936922535,288
81,Customer 81,0951649670,806
82,Customer 82,0949854963,516
83,Customer 83,0929897354,791
84,Customer 84,0924825319,447
85,Customer 85,0925302827,537
86,Customer 86,0936399286,400
87,Customer 87,0932026089,919
88,Customer 88,0922889043,727
89,Customer 89,0956977350,663
90,Customer 90,0984485880,796
91,Customer 91,0923006140,617
92,Customer 92,0922697156,229
93,Customer 93,0969556682,1402
94,Customer 94,0916542600,277
95,Customer 95,0951739235,717
96,Customer 96,0933754473,682
97,Customer 97,0938926706,413
98,Customer 98,0977034481,405
99,Customer 99,0958052691,1130
100,Customer 100,0926882331,136
101,Customer 101,0937152364,556
102,Customer 102,0912875120,270
103,Customer 103,0923901831,869
104,Customer 104,0942817601,968
105,Customer 105,0913672390,484
106,Customer 106,0963016143,750
107,Customer 107,0935854635,699
108,Customer 108,0931871307,461
109,Customer 109,0990611262,405
110,Customer 110,0964504929,845
111,Customer 111,0994042199,351
112,Customer 112,0987680287,463
113,Customer 113,0940416913,549
114,Customer 114,0931233287,409
115,Customer 115,0959868451,524
116,Customer 116,0935954582,575
117,Customer 117,0971048646,602
118,Customer 118,0934778799,531
119,Customer 119,0981764472,367
120,Customer 120,0929104275,537
121,Customer 121,0943851812,506
122,Customer 122,0925212960,584
123,Customer 123,0985598719,448
124,Customer 124,0996742940,491
125,Customer 125,0983036143,552
126,Customer 126,0915841128,671
127,Customer 127,0915067530,995
128,Customer 128,0962551833,1067
129,Customer 129,0926994058,750
130,Customer 130,0912605293,900
131,Customer 131,0964169580,804
132,Customer 132,0966238544,356
133,Customer 133,0953714784,663
134,Customer 134,0911679627,411
135,Customer 135,0916805974,571
136,Customer 136,0974455931,383
137,Customer 137,0992259187,464
138,Customer 138,0991366578,554
139,Customer 139,0950106613,697
140,Customer 140,0922410301,1093
141,Customer 141,0936058967,648
142,Customer 142,0979043567,328
143,Customer 143,0927177528,702
144,Customer 144,0939832465,716
145,Customer 145,0998288850,417
146,Customer 146,0970242386,952
147,Customer 147,0931737667,676
148,Customer 148,0992462036,631
149,Customer 149,0931108089,611
150,Customer 150,0926732173,964
151,Customer 151,0970827583,782
152,Customer 152,0943263357,507
153,Customer 153,0960291769,845
154,Customer 154,0948589231,988
155,Customer 155,0978751731,558
156,Customer 156,0993724865,859
157,Customer 157,0916224898,557
158,Customer 158,0960057919,705
159,Customer 159,0913132997,539
160,Customer 160,0913750222,505
161,Customer 161,0972948725,580
162,Customer 162,0967699362,479
163,Customer 163,0993668094,504
164,Customer 164,0978299103,574
165,Customer 165,0954788768,343
166,Customer 166,0974634684,606
167,Customer 167,0959065472,361
168,Customer 168,0919518078,418
169,Customer 169,0971743762,636
170,Customer 170,0965088876,782
171,Customer 171,0984113764,367
172,Customer 172,0980239722,820
173,Customer 173,0947653004,359
174,Customer 174,0931647519,1270
175,Customer 175,0977079980,631
176,Customer 176,0931592884,746
177,Customer 177,0982403791,280
178,Customer 178,0957448392,1248
179,Customer 179,0991996467,274
180,Customer 180,0920830841,348
181,Customer 181,0934794307,714
182,Customer 182,0938983260,588
183,Customer 183,0957683905,434
184,Customer 184,0926952362,379
185,Customer 185,0938989893,642
186,Customer 186,0918938257,650
187,Customer 187,0988587996,874
188,Customer 188,0986829886,888
189,Customer 189,0954522949,506
190,Customer 190,0987144451,747
191,Customer 191,0917037325,625
192,Customer 192,0920278113,773
193,Customer 193,0916488968,444
194,Customer 194,0940190838,714
195,Customer 195,0912474853,1104
196,Customer 196,0933601754,650
197,Customer 197,0968655309,707
198,Customer 198,0967300868,396
199,Customer 199,0956354821,331
200,Customer 200,0933043724,306
201,Customer 201,0922438301,534
202,Customer 202,0918972028,486
203,Customer 203,0948020058,936
204,Customer 204,0955027190,873
205,Customer 205,0965174993,662
206,Customer 206,0940249946,539
207,Customer 207,0914486567,976
208,Customer 208,0966563418,199
209,Customer 209,0950354875,586
210,Customer 210,0946227255,261
211,Customer 211,0915062763,427
212,Customer 212,0917963305,431
213,Customer 213,0916557743,469
214,Customer 214,0987421166,468
215,Customer 215,0990157524,512
216,Customer 216,0956156424,449
217,Customer 217,0946713651,696
218,Customer 218,0977817096,673
219,Customer 219,0998413508,529
220,Customer 220,0941080063,740
221,Customer 221,0938217650,551
222,Customer 222,0989919330,336
223,Customer 223,0933889199,309
224,Customer 224,0924031325,503
225,Customer 225,0996368857,428
226,Customer 226,0995711369,455
227,Customer 227,0921600440,459
228,Customer 228,0932281319,620
229,Customer 229,0915712655,907
230,Customer 230,0932344182,712
231,Customer 231,0959781978,817
232,Customer 232,0968367361,444
233,Customer 233,0983755684,699
234,Customer 234,0997454677,1141
235,Customer 235,0922697374,400
236,Customer 236,0989056904,740
237,Customer 237,0968552016,717
238,Customer 238,0962972570,810
239,Customer 239,0940866597,589
240,Customer 240,0959433726,511
241,Customer 241,0968184399,386
242,Customer 242,0997628365,1042
243,Customer 243,0925870985,694
244,Customer 244,0941505861,507
245,Customer 245,0962957255,545
246,Customer 246,0965667179,763
247,Customer 247,0986534576,543
248,Customer 248,0986774606,556
249,Customer 249,0946314707,856
250,Customer 250,0963646963,524
251,Customer 251,0910470574,401
252,Customer 252,0923247950,682
253,Customer 253,0934803640,593
254,Customer 254,0985606318,610
255,Customer 255,0944790635,534
256,Customer 256,0966649509,744
257,Customer 257,0941778374,484
258,Customer 258,0912270419,472
259,Customer 259,0943170576,452
260,Customer 260,0914229187,198
261,Customer 261,0939767552,658
262,Customer 262,0932065827,1010
263,Customer 263,0947342689,483
264,Customer 264,0963948600,442
265,Customer 265,0928457431,567
266,Customer 266,0977788300,608
267,Customer 267,0981318779,487
268,Customer 268,0920899710,419
269,Customer 269,0981900077,811
270,Customer 270,0914749283,563
271,Customer 271,0969225471,537
272,Customer 272,0934347385,611
273,Customer 273,0962963967,616
274,Customer 274,0971609521,910
275,Customer 275,0986646484,431
276,Customer 276,0930503352,517
277,Customer 277,0928921372,410
278,Customer 278,0988627882,410
279,Customer 279,0934815833,670
280,Customer 280,0963366574,1195
281,Customer 281,0986489285,695
282,Customer 282,0953951358,312
283,Customer 283,0994243056,1117
284,Customer 284,0960543987,1117
285,Customer 285,0990885730,617
286,Customer 286,0945371951,571
287,Customer 287,0989639661,431
288,Customer 288,0952215495,524
289,Customer 289,0965064576,344
290,Customer 290,0995592745,609
291,Customer 291,0910515805,326
292,Customer 292,0942082799,830
293,Customer 293,0952857593,817
294,Customer 294,0990258111,523
295,Customer 295,0997516412,898
296,Customer 296,0987776683,862
297,Customer 297,0931093418,755
298,Customer 298,0938900833,702
299,Customer 299,0914771033,735
300,Customer 300,0945744507,687
301,Customer 301,0959440834,677
302,Customer 302,0922163893,613
303,Customer 303,0962532686,652
304,Customer 304,0928723517,388
305,Customer 305,0951791133,633
306,Customer 306,0985266024,247
307,Customer 307,0956490786,530
308,Customer 308,0922829237,685
309,Customer 309,0915992623,962
310,Customer 310,0917240242,582
311,Customer 311,0976810705,830
312,Customer 312,0929083147,699
313,Customer 313,0979591425,1139
314,Customer 314,0935318246,815
315,Customer 315,0983859706,917
316,Customer 316,0949918474,656
317,Customer 317,0948989101,572
318,Customer 318,0916254992,448
319,Customer 319,0958799875,780
320,Customer 320,0992948727,324
321,Customer 321,0915553058,547
322,Customer 322,0986405725,773
323,Customer 323,0969497161,1094
324,Customer 324,0967620342,675
325,Customer 325,0955600439,970
326,Customer 326,0921814660,689
327,Customer 327,0984081448,626
328,Customer 328,0938973994,420
329,Customer 329,0983740473,814
330,Customer 330,0945655944,460
331,Customer 331,0910436399,880
332,Customer 332,0953670082,363
333,Customer 333,0965385093,826
334,Customer 334,0910980310,835
335,Customer 335,0912236759,600
336,Customer 336,0962956906,696
337,Customer 337,0981097185,481
338,Customer 338,0940482337,830
339,Customer 339,0993349748,492
340,Customer 340,0940088898,991
341,Customer 341,0964843718,616
342,Customer 342,0951193174,1149
343,Customer 343,0935350391,724
344,Customer 344,0967722781,666
345,Customer 345,0925602895,626
346,Customer 346,0919270231,623
347,Customer 347,0926244298,514
348,Customer 348,0943154363,967
349,Customer 349,0963234917,543
350,Customer 350,0921476175,862
351,Customer 351,0991361692,726
352,Customer 352,0913946515,1064
353,Customer 353,0935426362,634
354,Customer 354,0960029312,760
355,Customer 355,0928512233,828
356,Customer 356,0967517637,380
357,Customer 357,0961708334,739
358,Customer 358,0922169820,991
359,Customer 359,0998790510,969
360,Customer 360,0939831349,723
361,Customer 361,0973348984,708
362,Customer 362,0942991048,770
363,Customer 363,0938977546,689
364,Customer 364,0911655714,320
365,Customer 365,0922352198,944
366,Customer 366,0914785591,799
367,Customer 367,0920992381,367
368,Customer 368,0924248636,829
369,Customer 369,0959592185,855
370,Customer 370,0951610736,708
371,Customer 371,0959506282,479
372,Customer 372,0917626059,484
373,Customer 373,0924605506,303
374,Customer 374,0937723480,615
375,Customer 375,0917954904,539
376,Customer 376,0975896407,488
377,Customer 377,0945507371,514
378,Customer 378,0949394410,875
379,Customer 379,0982917267,532
380,Customer 380,0979104987,152
381,Customer 381,0910179795,576
382,Customer 382,0972091272,463
383,Customer 383,0965476473,782
384,Customer 384,0983422357,337
385,Customer 385,0929577916,525
386,Customer 386,0937347938,467
387,Customer 387,0991938319,383
388,Customer 388,0972841232,563
389,Customer 389,0970864287,655
390,Customer 390,0922515727,297
391,Customer 391,0964351695,587
392,Customer 392,0981091480,426
393,Customer 393,0929811107,693
394,Customer 394,0975231588,751
395,Customer 395,0994218226,581
396,Customer 396,0984249529,604
397,Customer 397,0938729862,1054
398,Customer 398,0934568681,864
399,Customer 399,0956563552,605
400,Customer 400,0917256499,655
401,Customer 401,0937873622,803
402,Customer 402,0962100016,415
403,Customer 403,0915145535,677
404,Customer 404,0972141579,650
405,Customer 405,0983766385,560
406,Customer 406,0988998611,851
407,Customer 407,0929249085,905
408,Customer 408,0989107287,739
409,Customer 409,0947129017,395
410,Customer 410,0979731258,749
411,Customer 411,0983588945,613
412,Customer 412,0940272011,831
413,Customer 413,0979147064,635
414,Customer 414,0940140507,750
415,Customer 415,0970731738,205
416,Customer 416,0964719380,1018
417,Customer 417,0953215943,210
418,Customer 418,0970697078,317
419,Customer 419,0937964258,676
420,Customer 420,0911652574,137
421,Customer 421,0975733945,720
422,Customer 422,0941794831,439
423,Customer 423,0928534043,441
424,Customer 424,0943522383,376
425,Customer 425,0966562351,873
426,Customer 426,0947355118,1074
427,Customer 427,0991745094,605
428,Customer 428,0962284912,491
429,Customer 429,0957189446,939
430,Customer 430,0977551552,579
431,Customer 431,0945521382,741
432,Customer 432,0978080234,422
433,Customer 433,0970137131,803
434,Customer 434,0984992754,675
435,Customer 435,0926130945,559
436,Customer 436,0926745551,481
437,Customer 437,0967780154,609
438,Customer 438,0956078419,652
439,Customer 439,0937234212,746
440,Customer 440,0951629144,338
441,Customer 441,0915534239,268
442,Customer 442,0957740194,560
443,Customer 443,0944292987,737
444,Customer 444,0970981239,956
445,Customer 445,0916283798,545
446,Customer 446,0911903758,351
447,Customer 447,0969586631,697
448,Customer 448,0980353035,348
449,Customer 449,0950084422,838
450,Customer 450,0920445891,808
451,Customer 451,0969738408,888
452,Customer 452,0936879367,511
453,Customer 453,0972094849,883
454,Customer 454,0918202574,640
455,Customer 455,0975174348,627
456,Customer 456,0936411325,67
457,Customer 457,0982618713,848
458,Customer 458,0980471410,802
459,Customer 459,0931099397,489
460,Customer 460,0917045712,427
461,Customer 461,0948689319,549
462,Customer 462,0925019129,428
463,Customer 463,0922487633,431
464,Customer 464,0934087742,676
465,Customer 465,0924864989,429
466,Customer 466,0955838189,501
467,Customer 467,0920518840,834
468,Customer 468,0938806567,590
469,Customer 469,0956243952,979
470,Customer 470,0930879029,512
471,Customer 471,0948225238,650
472,Customer 472,0911767843,394
473,Customer 473,0921670795,736
474,Customer 474,0919697041,780
475,Customer 475,0965039087,395
476,Customer 476,0911623508,479
477,Customer 477,0998179813,383
478,Customer 478,0975534939,565
479,Customer 479,0969132553,571
480,Customer 480,0946944461,311
481,Customer 481,0954962656,566
482,Customer 482,0984659667,315
483,Customer 483,0930376917,520
484,Customer 484,0929759392,328
485,Customer 485,0999215037,609
486,Customer 486,0982469150,461
487,Customer 487,0924437552,305
488,Customer 488,0956681631,786
489,Customer 489,0978406613,728
490,Customer 490,0929675910,387
491,Customer 491,0928219243,326
492,Customer 492,0983341403,512
493,Customer 493,0919929611,867
494,Customer 494,0917362296,944
495,Customer 495,0965184886,705
496,Customer 496,0996156031,674
497,Customer 497,0952623696,683
498,Customer 498,0993633516,847
499,Customer 499,0971781412,668
500,Customer 500,0975677749,351
501,Customer 501,0972797854,703
502,Customer 502,0923281447,1032
503,Customer 503,0967241950,779
504,Customer 504,0938880797,634
505,Customer 505,0930816947,721
506,Customer 506,0968207509,710
507,Customer 507,0955640674,957
508,Customer 508,0927611289,729
509,Customer 509,0964092197,867
510,Customer 510,0941167981,754
511,Customer 511,0978779594,954
512,Customer 512,0940386406,863
513,Customer 513,0993187249,564
514,Customer 514,0928909938,678
515,Customer 515,0977060711,797
516,Customer 516,0921010210,429
517,Customer 517,0970569813,797
518,Customer 518,0938848692,744
519,Customer 519,0925240492,672
520,Customer 520,0931071091,746
521,Customer 521,0932230486,712
522,Customer 522,0920019514,1117
523,Customer 523,0930922071,428
524,Customer 524,0962354957,272
525,Customer 525,0924364947,742
526,Customer 526,0953328197,1302
527,Customer 527,0929042485,792
528,Customer 528,0986517661,491
529,Customer 529,0994935064,938
530,Customer 530,0920379860,451
531,Customer 531,0938811041,453
532,Customer 532,0930946139,762
533,Customer 533,0983737189,419
534,Customer 534,0951112016,518
535,Customer 535,0921875454,628
536,Customer 536,0952916975,899
537,Customer 537,0984335055,592
538,Customer 538,0969003980,782
539,Customer 539,0960128637,695
540,Customer 540,0931181231,406
541,Customer 541,0998777519,1048
542,Customer 542,0984810514,836
543,Customer 543,0942735273,358
544,Customer 544,0954752193,679
545,Customer 545,0930806303,698
546,Customer 546,0931453016,554
547,Customer 547,0916846582,753
548,Customer 548,0976196164,831
549,Customer 549,0996518269,620
550,Customer 550,0990666410,548
551,Customer 551,0991966064,449
552,Customer 552,0981246088,307
553,Customer 553,0982194043,522
554,Customer 554,0998122297,487
555,Customer 555,0932170992,629
556,Customer 556,0961804903,1033
557,Customer 557,0936995645,672
558,Customer 558,0979044315,451
559,Customer 559,0920773925,583
560,Customer 560,0938398595,472
561,Customer 561,0940484069,796
562,Customer 562,0911449754,704
563,Customer 563,0928883049,987
564,Customer 564,0913413944,793
565,Customer 565,0938474213,559
566,Customer 566,0974112019,365
567,Customer 567,0998568045,363
568,Customer 568,0951512713,355
569,Customer 569,0917886442,424
570,Customer 570,0957323349,542
571,Customer 571,0912134516,733
572,Customer 572,0967337499,867
573,Customer 573,0974566524,395
574,Customer 574,0931267282,1001
575,Customer 575,0920836395,905
576,Customer 576,0929811810,646
577,Customer 577,0935428037,437
578,Customer 578,0979926910,616
579,Customer 579,0943591467,904
580,Customer 580,0939968480,689
581,Customer 581,0929979094,455
582,Customer 582,0941533815,960
583,Customer 583,0927163609,773
584,Customer 584,0934073048,471
585,Customer 585,0988771863,741
586,Customer 586,0962875844,593
587,Customer 587,0947348546,758
588,Customer 588,0953274433,646
589,Customer 589,0930952142,306
590,Customer 590,0960629200,1023
591,Customer 591,0949039545,804
592,Customer 592,0934833101,248
593,Customer 593,0967597502,452
594,Customer 594,0952860258,415
595,Customer 595,0977118111,649
596,Customer 596,0969375042,631
597,Customer 597,0992182016,559
598,Customer 598,0999807897,582
599,Customer 599,0979700045,1079
600,Customer 600,0935611462,794
601,Customer 601,0994548659,611
602,Customer 602,0918395279,543
603,Customer 603,0940407484,573
604,Customer 604,0932767848,374
605,Customer 605,0963625334,678
606,Customer 606,0974394304,623
607,Customer 607,0967688507,589
608,Customer 608,0961690299,431
609,Customer 609,0979771207,409
610,Customer 610,0948753247,328
611,Customer 611,0929404878,664
612,Customer 612,0982639052,1077
613,Customer 613,0926155507,807
614,Customer 614,0943539035,603
615,Customer 615,0986107731,715
616,Customer 616,0978666691,737
617,Customer 617,0972552752,468
618,Customer 618,0963422422,454
619,Customer 619,0970703508,413
620,Customer 620,0990964114,993
621,Customer 621,0942564340,930
622,Customer 622,0935823224,917
623,Customer 623,0959565708,978
624,Customer 624,0975770412,1118
625,Customer 625,0930813500,269
626,Customer 626,0988094302,779
627,Customer 627,0958892554,613
628,Customer 628,0969237099,830
629,Customer 629,0957314659,478
630,Customer 630,0961725587,839
631,Customer 631,0935808599,915
632,Customer 632,0931400356,592
633,Customer 633,0996890848,484
634,Customer 634,0913072924,786
635,Customer 635,0913038839,625
636,Customer 636,0928354977,755
637,Customer 637,0942594309,759
638,Customer 638,0990013348,416
639,Customer 639,0983072433,481
640,Customer 640,0927031364,321
641,Customer 641,0980407357,480
642,Customer 642,0998206581,606
643,Customer 643,0988971406,753
644,Customer 644,0945705942,456
645,Customer 645,0960269620,473
646,Customer 646,0980905054,658
647,Customer 647,0999330883,621
648,Customer 648,0965793110,304
649,Customer 649,0982789276,450
650,Customer 650,0995153971,385
651,Customer 651,0946514842,713
652,Customer 652,0962014535,617
653,Customer 653,0991660955,822
654,Customer 654,0920792021,987
655,Customer 655,0957395397,820
656,Customer 656,0958200473,480
657,Customer 657,0957316882,584
658,Customer 658,0973392090,711
659,Customer 659,0948708783,634
660,Customer 660,0960839522,415
661,Customer 661,0987577045,674
662,Customer 662,0997750555,686
663,Customer 663,0982320317,974
664,Customer 664,0917396010,680
665,Customer 665,0988262654,603
666,Customer 666,0950271343,495
667,Customer 667,0951578992,827
668,Customer 668,0937564862,690
669,Customer 669,0985771093,535
670,Customer 670,0965031914,791
671,Customer 671,0986890380,635
672,Customer 672,0992233593,527
673,Customer 673,0984910141,438
674,Customer 674,0925143768,657
675,Customer 675,0960686178,881
676,Customer 676,0910613908,656
677,Customer 677,0917693962,679
678,Customer 678,0977924325,571
679,Customer 679,0956364548,960
680,Customer 680,0954927803,544
681,Customer 681,0996519763,546
682,Customer 682,0952448100,608
683,Customer 683,0989704091,902
684,Customer 684,0929700637,801
685,Customer 685,0975035491,860
686,Customer 686,0998450191,905
687,Customer 687,0968400172,1305
688,Customer 688,0979056810,976
689,Customer 689,0952202291,722
690,Customer 690,0949904724,781
691,Customer 691,0915596677,720
692,Customer 692,0976983429,341
693,Customer 693,0963885621,432
694,Customer 694,0915688125,577
695,Customer 695,0920518745,837
696,Customer 696,0917321060,566
697,Customer 697,0945494565,545
698,Customer 698,0923545330,570
699,Customer 699,0950432366,817
700,Customer 700,0971815756,942
701,Customer 701,0964079246,634
702,Customer 702,0957226877,365
703,Customer 703,0983303719,922
704,Customer 704,0929638532,303
705,Customer 705,0983250723,1033
706,Customer 706,0917608638,898
707,Customer 707,0990404559,986
708,Customer 708,0944728518,650
709,Customer 709,0972926486,570
710,Customer 710,0989599428,1020
711,Customer 711,0910159580,1003
712,Customer 712,0950091768,712
713,Customer 713,0957037015,1116
714,Customer 714,0936020250,1014
715,Customer 715,0918526550,457
716,Customer 716,0946967354,448
717,Customer 717,0924234496,579
718,Customer 718,0992326851,553
719,Customer 719,0993360036,898
720,Customer 720,0950603608,604
721,Customer 721,0932489870,702
722,Customer 722,0958771103,538
723,Customer 723,0967876974,508
724,Customer 724,0947130922,480
725,Customer 725,0985360101,367
726,Customer 726,0947838633,878
727,Customer 727,0949787101,440
728,Customer 728,0929898194,615
729,Customer 729,0954269717,165
730,Customer 730,0993176938,695
731,Customer 731,0996629125,379
732,Customer 732,0982662631,707
733,Customer 733,0912824581,978
734,Customer 734,0914133953,644
735,Customer 735,0953649908,365
736,Customer 736,0947549943,677
737,Customer 737,0927724020,591
738,Customer 738,0998103055,364
739,Customer 739,0993638434,486
740,Customer 740,0969949128,581
741,Customer 741,0971015335,503
742,Customer 742,0910000676,408
743,Customer 743,0970863812,423
744,Customer 744,0955095857,568
745,Customer 745,0940141875,461
746,Customer 746,0916040953,464
747,Customer 747,0939977830,713
748,Customer 748,0953864806,463
749,Customer 749,0993794729,399
750,Customer 750,0977408365,454
751,Customer 751,0991918340,700
752,Customer 752,0978777023,769
753,Customer 753,0912857607,575
754,Customer 754,0937041899,807
755,Customer 755,0938254245,954
756,Customer 756,0966676825,381
757,Customer 757,0987996285,514
758,Customer 758,0926539668,573
759,Customer 759,0921757654,635
760,Customer 760,0997898332,495
761,Customer 761,0953882897,513
762,Customer 762,0976333603,818
763,Customer 763,0937263463,530
764,Customer 764,0916029319,865
765,Customer 765,0990153089,212
766,Customer 766,0931588470,625
767,Customer 767,0962277973,536
768,Customer 768,0930946404,746
769,Customer 769,0953415200,442
770,Customer 770,0964659289,1045
771,Customer 771,0978238405,709
772,Customer 772,0937083120,536
773,Customer 773,0998598411,902
774,Customer 774,0981331432,656
775,Customer 775,0929822015,442
776,Customer 776,0942145093,604
777,Customer 777,0943279796,437
778,Customer 778,0970032255,828
779,Customer 779,0956855178,370
780,Customer 780,0937031894,578
781,Customer 781,0938458504,831
782,Customer 782,0975317944,817
783,Customer 783,0920354741,654
784,Customer 784,0951375750,616
785,Customer 785,0952594196,904
786,Customer 786,0986474427,919
787,Customer 787,0976415394,676
788,Customer 788,0959889758,536
789,Customer 789,0985972091,403
790,Customer 790,0911341390,1089
791,Customer 791,0977741233,756
792,Customer 792,0950137639,447
793,Customer 793,0943706241,560
794,Customer 794,0946768405,703
795,Customer 795,0965049269,496
796,Customer 796,0929894952,394
797,Customer 797,0937280405,672
798,Customer 798,0963622112,462
799,Customer 799,0954285607,836
800,Customer 800,0987182942,577
801,Customer 801,0972008402,830
802,Customer 802,0990422512,404
803,Customer 803,0984753857,605
804,Customer 804,0957270293,376
805,Customer 805,0910906720,616
806,Customer 806,0913331647,447
807,Customer 807,0929929894,210
808,Customer 808,0944605924,709
809,Customer 809,0996485781,543
810,Customer 810,0928150414,682
811,Customer 811,0949304683,586
812,Customer 812,0974327446,240
813,Customer 813,0960733880,752
814,Customer 814,0948578778,977
815,Customer 815,0951181365,585
816,Customer 816,0998932707,302
817,Customer 817,0988201601,466
818,Customer 818,0911051019,441
819,Customer 819,0920387982,646
820,Customer 820,0948869276,693
821,Customer 821,0967428921,591
822,Customer 822,0986872156,368
823,Customer 823,0942394326,272
824,Customer 824,0989243898,390
825,Customer 825,0925798403,536
826,Customer 826,0969256025,617
827,Customer 827,0920217500,727
828,Customer 828,0940392401,656
829,Customer 829,0940109345,571
830,Customer 830,0998838064,448
831,Customer 831,0943679296,1034
832,Customer 832,0948523431,375
833,Customer 833,0940353403,487
834,Customer 834,0917758125,730
835,Customer 835,0954111871,973
836,Customer 836,0916258857,568
837,Customer 837,0942559277,913
838,Customer 838,0998981194,587
839,Customer 839,0988458648,500
840,Customer 840,0965134942,762
841,Customer 841,0999188339,719
842,Customer 842,0938138592,1019
843,Customer 843,0995107573,548
844,Customer 844,0959299765,374
845,Customer 845,0954264042,1136
846,Customer 846,0961840697,299
847,Customer 847,0949200031,409
848,Customer 848,0989938824,314
849,Customer 849,0987903068,740
850,Customer 850,0972852856,646
851,Customer 851,0934039902,654
852,Customer 852,0977807064,690
853,Customer 853,0978116586,383
854,Customer 854,0953443196,870
855,Customer 855,0940958023,556
856,Customer 856,0978109725,732
857,Customer 857,0920996002,901
858,Customer 858,0970860061,798
859,Customer 859,0960464065,799
860,Customer 860,0986128873,670
861,Customer 861,0938679227,517
862,Customer 862,0998956484,618
863,Customer 863,0985050373,482
864,Customer 864,0967130674,479
865,Customer 865,0917969740,1022
866,Customer 866,0911330637,724
867,Customer 867,0944991527,259
868,Customer 868,0913125649,416
869,Customer 869,0985938320,506
870,Customer 870,0977934751,443
871,Customer 871,0948388336,525
872,Customer 872,0986304004,562
873,Customer 873,0921835198,466
874,Customer 874,0984037704,731
875,Customer 875,0944428589,425
876,Customer 876,0945424594,214
877,Customer 877,0943910462,523
878,Customer 878,0975586641,452
879,Customer 879,0910499114,393
880,Customer 880,0956503137,627
881,Customer 881,0988934561,654
882,Customer 882,0996515392,1112
883,Customer 883,0943737457,539
884,Customer 884,0988501990,617
885,Customer 885,0988201572,527
886,Customer 886,0913845876,487
887,Customer 887,0963826277,621
888,Customer 888,0982825931,562
889,Customer 889,0949963456,861
890,Customer 890,0912031582,1252
891,Customer 891,0977948672,672
892,Customer 892,0994913132,333
893,Customer 893,0917518524,732
894,Customer 894,0996231806,753
895,Customer 895,0922187316,572
896,Customer 896,0967364332,472
897,Customer 897,0982913545,367
898,Customer 898,0944158263,1015
899,Customer 899,0940593573,610
900,Customer 900,0914166099,308
901,Customer 901,0913407711,451
902,Customer 902,0921311712,670
903,Customer 903,0967102691,738
904,Customer 904,0958353900,850
905,Customer 905,0973217103,617
906,Customer 906,0923265048,1008
907,Customer 907,0941412977,634
908,Customer 908,0991276294,669
909,Customer 909,0949404218,623
910,Customer 910,0982353409,804
911,Customer 911,0985360489,276
912,Customer 912,0986209199,1085
913,Customer 913,0980773471,642
914,Customer 914,0962340846,445
915,Customer 915,0994178093,917
916,Customer 916,0962268135,441
917,Customer 917,0967029824,722
918,Customer 918,0995942465,660
919,Customer 919,0934266680,360
920,Customer 920,0918717929,419
921,Customer 921,0941970575,656
922,Customer 922,0987352822,588
923,Customer 923,0986163070,514
924,Customer 924,0914272420,835
925,Customer 925,0977892653,636
926,Customer 926,0931044328,431
927,Customer 927,0917847750,522
928,Customer 928,0926865842,795
929,Customer 929,0960084236,422
930,Customer 930,0997253185,594
931,Customer 931,0992023602,310
932,Customer 932,0938771565,856
933,Customer 933,0922643979,573
934,Customer 934,0915866516,699
935,Customer 935,0930886189,980
936,Customer 936,0965996814,690
937,Customer 937,0987835298,665
938,Customer 938,0974040424,301
939,Customer 939,0973866988,439
940,Customer 940,0991551086,381
941,Customer 941,0932244685,685
942,Customer 942,0975528747,369
943,Customer 943,0993148867,758
944,Customer 944,0950437471,810
945,Customer 945,0966165746,832
946,Customer 946,0959513330,706
947,Customer 947,0911675107,1072
948,Customer 948,0964088613,582
949,Customer 949,0975156778,444
950,Customer 950,0960713514,803
951,Customer 951,0956325692,681
952,Customer 952,0915207132,596
953,Customer 953,0980361828,462
954,Customer 954,0923489017,517
955,Customer 955,0918027162,499
956,Customer 956,0966146841,639
957,Customer 957,0940942810,493
958,Customer 958,0998099020,508
959,Customer 959,0946795800,679
960,Customer 960,0913086754,640
961,Customer 961,0992423695,480
962,Customer 962,0917190547,856
963,Customer 963,0941615481,829
964,Customer 964,0913723215,938
965,Customer 965,0959551380,611
966,Customer 966,0998643515,689
967,Customer 967,0945886488,772
968,Customer 968,0952085387,1061
969,Customer 969,0927457597,938
970,Customer 970,0932277215,943
971,Customer 971,0988831223,585
972,Customer 972,0964823756,286
973,Customer 973,0930510490,279
974,Customer 974,0943654740,734
975,Customer 975,0917943451,509
976,Customer 976,0943778196,720
977,Customer 977,0968428914,765
978,Customer 978,0918459488,636
979,Customer 979,0915105186,634
980,Customer 980,0991925314,457
981,Customer 981,0930729843,435
982,Customer 982,0944931472,582
983,Customer 983,0976019160,956
984,Customer 984,0973737724,501
985,Customer 985,0911213815,749
986,Customer 986,0921832802,1230
987,Customer 987,0964077112,411
988,Customer 988,0987433427,507
989,Customer 989,0969525548,672
990,Customer 990,0972247809,700
991,Customer 991,0992808998,509
992,Customer 992,0961546568,459
993,Customer 993,0916103496,542
994,Customer 994,0929608498,609
995,Customer 995,0995986128,639
996,Customer 996,0987418047,432
997,Customer 997,0993553729,569
998,Customer 998,0988298702,491
999,Customer 999,0971403754,895
1000,Customer 1000,0956105352,682
