detail_id,invoice_id,product_id,ten_san_pham,so_luong,don_gia,giam_gia_pct,thanh_tien
1,1,8,Soda chanh leo,1,1004000,0,1004000
2,1,24,iPhone 15,9,26000,10,210600
3,1,39,Samsung Galaxy A55 #39,7,482000,0,3374000
4,1,13,Cơm gà,10,128000,0,1280000
5,1,10,Xôi gà,3,297000,5,846450
6,2,59,Nem chua #59,7,194000,10,1222200
7,2,1,Cà phê đen,7,631000,0,4417000
8,3,37,Cáp sạc USB-C #37,5,444000,5,2109000
9,3,10,Xôi gà,4,297000,0,1188000
10,3,44,OPPO Reno12 #44,5,1171000,10,5269500
11,3,13,Cơm gà,9,128000,5,1094400
12,4,57,Ốp lưng điện thoại #57,1,16000,5,15200
13,5,26,Xiaomi 14T,7,263000,0,1841000
14,5,60,Ốp lưng điện thoại #60,7,337000,10,2123100
15,5,44,OPPO Reno12 #44,9,1171000,5,10012050
16,5,38,iPhone 15 #38,3,190000,0,570000
17,5,27,OPPO Reno12,9,556000,10,4503600
18,5,36,Nước cam #36,8,9000,0,72000
19,6,11,Phở bò,9,104000,5,889200
20,6,24,iPhone 15,6,26000,10,140400
21,6,45,Xiaomi 14T #45,10,867000,15,7369500
22,6,17,Khoai tây chiên,1,447000,0,447000
23,6,10,Xôi gà,7,297000,15,1767150
24,6,49,Bánh cuốn #49,1,781000,0,781000
25,7,38,iPhone 15 #38,10,190000,0,1900000
26,7,9,Bánh mì thịt,7,528000,5,3511200
27,8,57,Ốp lưng điện thoại #57,4,16000,0,64000
28,8,28,Vivo V30,10,437000,10,3933000
29,9,1,Cà phê đen,7,631000,5,4196150
30,9,17,Khoai tây chiên,10,447000,0,4470000
31,9,9,Bánh mì thịt,9,528000,0,4752000
32,9,27,OPPO Reno12,2,556000,0,1112000
33,9,41,Mì Quảng #41,9,15000,0,135000
34,9,18,Bánh tráng trộn,9,43000,10,348300
35,10,41,Mì Quảng #41,7,15000,10,94500
36,10,1,Cà phê đen,2,631000,10,1135800
37,10,26,Xiaomi 14T,2,263000,10,473400
38,10,18,Bánh tráng trộn,5,43000,0,215000
39,11,39,Samsung Galaxy A55 #39,8,482000,15,3277600
40,11,48,Kính cường lực #48,8,245000,10,1764000
41,11,25,Samsung Galaxy A55,1,564000,5,535800
42,11,36,Nước cam #36,2,9000,0,18000
43,12,37,Cáp sạc USB-C #37,5,444000,0,2220000
44,12,57,Ốp lưng điện thoại #57,5,16000,0,80000
45,12,59,Nem chua #59,7,194000,15,1154300
46,12,1,Cà phê đen,6,631000,0,3786000
47,13,18,Bánh tráng trộn,4,43000,0,172000
48,13,20,Nem chua,4,704000,0,2816000
49,13,49,Bánh cuốn #49,4,781000,0,3124000
50,14,9,Bánh mì thịt,8,528000,10,3801600
51,15,27,OPPO Reno12,5,556000,5,2641000
52,15,49,Bánh cuốn #49,4,781000,10,2811600
53,15,18,Bánh tráng trộn,3,43000,0,129000
54,15,51,iPhone 15 #51,9,325000,5,2778750
55,16,18,Bánh tráng trộn,1,43000,0,43000
56,16,47,Chè đậu đỏ #47,4,710000,5,2698000
57,16,11,Phở bò,10,104000,0,1040000
58,16,59,Nem chua #59,6,194000,0,1164000
59,16,35,Kính cường lực,10,490000,0,4900000
60,16,37,Cáp sạc USB-C #37,3,444000,10,1198800
61,17,44,OPPO Reno12 #44,6,1171000,5,6674700
62,17,21,Bánh flan,5,557000,5,2645750
63,17,43,Xôi gà #43,3,390000,10,1053000
64,17,38,iPhone 15 #38,3,190000,10,513000
65,18,20,Nem chua,3,704000,5,2006400
66,18,15,Cháo sườn,8,442000,0,3536000
67,18,48,Kính cường lực #48,9,245000,10,1984500
68,18,1,Cà phê đen,6,631000,5,3596700
69,19,17,Khoai tây chiên,2,447000,5,849300
70,19,7,Nước chanh,6,645000,0,3870000
71,19,21,Bánh flan,6,557000,0,3342000
72,19,26,Xiaomi 14T,9,263000,10,2130300
73,19,48,Kính cường lực #48,5,245000,0,1225000
74,19,43,Xôi gà #43,1,390000,5,370500
75,20,59,Nem chua #59,9,194000,5,1658700
76,20,18,Bánh tráng trộn,8,43000,0,344000
77,20,28,Vivo V30,7,437000,10,2753100
78,20,37,Cáp sạc USB-C #37,5,444000,5,2109000
79,20,35,Kính cường lực,3,490000,0,1470000
80,20,36,Nước cam #36,6,9000,5,51300
81,21,28,Vivo V30,5,437000,5,2075750
82,21,27,OPPO Reno12,6,556000,15,2835600
83,21,41,Mì Quảng #41,10,15000,10,135000
84,22,26,Xiaomi 14T,4,263000,0,1052000
85,22,9,Bánh mì thịt,7,528000,0,3696000
86,23,57,Ốp lưng điện thoại #57,10,16000,0,160000
87,23,9,Bánh mì thịt,2,528000,15,897600
88,23,10,Xôi gà,7,297000,0,2079000
89,23,26,Xiaomi 14T,4,263000,0,1052000
90,24,5,Sinh tố bơ,6,570000,0,3420000
91,24,6,Trà sữa trân châu,8,77000,5,585200
92,25,47,Chè đậu đỏ #47,6,710000,5,4047000
93,25,44,OPPO Reno12 #44,9,1171000,0,10539000
94,25,57,Ốp lưng điện thoại #57,2,16000,5,30400
95,25,59,Nem chua #59,5,194000,0,970000
96,25,33,Pin dự phòng 10000mAh,7,379000,0,2653000
97,26,37,Cáp sạc USB-C #37,8,444000,10,3196800
98,26,28,Vivo V30,1,437000,15,371450
99,27,24,iPhone 15,7,26000,10,163800
100,27,1,Cà phê đen,7,631000,5,4196150
101,27,60,Ốp lưng điện thoại #60,4,337000,0,1348000
102,27,38,iPhone 15 #38,7,190000,5,1263500
103,27,20,Nem chua,4,704000,0,2816000
104,28,27,OPPO Reno12,2,556000,0,1112000
105,28,28,Vivo V30,3,437000,0,1311000
106,28,59,Nem chua #59,2,194000,15,329800
107,28,43,Xôi gà #43,8,390000,10,2808000
108,28,20,Nem chua,8,704000,0,5632000
109,29,5,Sinh tố bơ,3,570000,15,1453500
110,29,18,Bánh tráng trộn,8,43000,15,292400
111,29,10,Xôi gà,1,297000,0,297000
112,29,28,Vivo V30,2,437000,0,874000
113,29,27,OPPO Reno12,1,556000,5,528200
114,30,6,Trà sữa trân châu,1,77000,0,77000
115,30,36,Nước cam #36,7,9000,0,63000
116,30,9,Bánh mì thịt,9,528000,5,4514400
117,30,15,Cháo sườn,3,442000,0,1326000
118,31,25,Samsung Galaxy A55,2,564000,10,1015200
119,31,6,Trà sữa trân châu,4,77000,5,292600
120,31,20,Nem chua,7,704000,15,4188800
121,31,47,Chè đậu đỏ #47,5,710000,0,3550000
122,32,33,Pin dự phòng 10000mAh,4,379000,0,1516000
123,32,20,Nem chua,4,704000,15,2393600
124,32,38,iPhone 15 #38,7,190000,0,1330000
125,32,7,Nước chanh,1,645000,0,645000
126,33,48,Kính cường lực #48,10,245000,0,2450000
127,34,36,Nước cam #36,2,9000,0,18000
128,34,7,Nước chanh,8,645000,0,5160000
129,34,37,Cáp sạc USB-C #37,6,444000,10,2397600
130,34,15,Cháo sườn,6,442000,5,2519400
131,34,59,Nem chua #59,4,194000,0,776000
132,35,45,Xiaomi 14T #45,8,867000,0,6936000
133,35,60,Ốp lưng điện thoại #60,10,337000,0,3370000
134,35,28,Vivo V30,9,437000,0,3933000
135,35,59,Nem chua #59,6,194000,15,989400
136,36,45,Xiaomi 14T #45,5,867000,10,3901500
137,36,28,Vivo V30,6,437000,5,2490900
138,37,38,iPhone 15 #38,7,190000,0,1330000
139,37,25,Samsung Galaxy A55,9,564000,15,4314600
140,37,35,Kính cường lực,8,490000,10,3528000
141,37,8,Soda chanh leo,3,1004000,10,2710800
142,37,59,Nem chua #59,5,194000,0,970000
143,38,13,Cơm gà,3,128000,0,384000
144,39,39,Samsung Galaxy A55 #39,4,482000,10,1735200
145,39,49,Bánh cuốn #49,2,781000,0,1562000
146,39,57,Ốp lưng điện thoại #57,4,16000,15,54400
147,39,26,Xiaomi 14T,8,263000,0,2104000
148,39,7,Nước chanh,8,645000,15,4386000
149,39,18,Bánh tráng trộn,1,43000,0,43000
150,40,8,Soda chanh leo,4,1004000,10,3614400
151,40,33,Pin dự phòng 10000mAh,7,379000,0,2653000
152,40,60,Ốp lưng điện thoại #60,4,337000,10,1213200
153,40,21,Bánh flan,4,557000,10,2005200
154,40,10,Xôi gà,3,297000,10,801900
155,40,7,Nước chanh,9,645000,5,5514750
156,41,10,Xôi gà,7,297000,10,1871100
157,41,17,Khoai tây chiên,6,447000,15,2279700
158,41,18,Bánh tráng trộn,3,43000,10,116100
159,41,60,Ốp lưng điện thoại #60,10,337000,5,3201500
160,42,44,OPPO Reno12 #44,9,1171000,15,8958150
161,42,35,Kính cường lực,5,490000,0,2450000
162,42,25,Samsung Galaxy A55,8,564000,5,4286400
163,42,21,Bánh flan,7,557000,0,3899000
164,42,39,Samsung Galaxy A55 #39,1,482000,0,482000
165,42,49,Bánh cuốn #49,10,781000,0,7810000
166,43,5,Sinh tố bơ,9,570000,10,4617000
167,43,27,OPPO Reno12,10,556000,10,5004000
168,43,60,Ốp lưng điện thoại #60,3,337000,0,1011000
169,44,25,Samsung Galaxy A55,10,564000,5,5358000
170,44,24,iPhone 15,10,26000,0,260000
171,44,26,Xiaomi 14T,2,263000,15,447100
172,44,33,Pin dự phòng 10000mAh,6,379000,5,2160300
173,44,9,Bánh mì thịt,3,528000,5,1504800
174,45,39,Samsung Galaxy A55 #39,7,482000,5,3205300
175,45,9,Bánh mì thịt,2,528000,0,1056000
176,45,7,Nước chanh,10,645000,0,6450000
177,45,36,Nước cam #36,7,9000,0,63000
178,45,37,Cáp sạc USB-C #37,5,444000,10,1998000
179,46,24,iPhone 15,10,26000,10,234000
180,46,15,Cháo sườn,9,442000,0,3978000
181,46,7,Nước chanh,4,645000,5,2451000
182,46,41,Mì Quảng #41,5,15000,5,71250
183,46,45,Xiaomi 14T #45,3,867000,0,2601000
184,46,39,Samsung Galaxy A55 #39,6,482000,0,2892000
185,47,41,Mì Quảng #41,9,15000,5,128250
186,48,20,Nem chua,7,704000,0,4928000
187,48,57,Ốp lưng điện thoại #57,10,16000,0,160000
188,48,25,Samsung Galaxy A55,2,564000,15,958800
189,48,59,Nem chua #59,7,194000,5,1290100
190,48,8,Soda chanh leo,6,1004000,0,6024000
191,48,13,Cơm gà,4,128000,0,512000
192,49,45,Xiaomi 14T #45,4,867000,0,3468000
193,49,15,Cháo sườn,6,442000,0,2652000
194,49,6,Trà sữa trân châu,2,77000,0,154000
195,50,11,Phở bò,4,104000,15,353600
196,50,33,Pin dự phòng 10000mAh,9,379000,0,3411000
197,50,45,Xiaomi 14T #45,4,867000,10,3121200
198,50,48,Kính cường lực #48,9,245000,0,2205000
199,50,5,Sinh tố bơ,9,570000,5,4873500
200,50,17,Khoai tây chiên,10,447000,15,3799500
201,51,7,Nước chanh,4,645000,15,2193000
202,51,28,Vivo V30,10,437000,0,4370000
203,52,38,iPhone 15 #38,5,190000,15,807500
204,52,10,Xôi gà,7,297000,0,2079000
205,52,5,Sinh tố bơ,7,570000,10,3591000
206,53,51,iPhone 15 #51,9,325000,15,2486250
207,53,47,Chè đậu đỏ #47,1,710000,0,710000
208,54,5,Sinh tố bơ,6,570000,0,3420000
209,54,37,Cáp sạc USB-C #37,5,444000,0,2220000
210,55,60,Ốp lưng điện thoại #60,5,337000,0,1685000
211,56,57,Ốp lưng điện thoại #57,10,16000,0,160000
212,56,24,iPhone 15,7,26000,0,182000
213,56,43,Xôi gà #43,10,390000,0,3900000
214,56,25,Samsung Galaxy A55,8,564000,10,4060800
215,57,13,Cơm gà,9,128000,0,1152000
216,57,33,Pin dự phòng 10000mAh,7,379000,0,2653000
217,58,18,Bánh tráng trộn,6,43000,0,258000
218,59,27,OPPO Reno12,1,556000,10,500400
219,59,15,Cháo sườn,10,442000,0,4420000
220,59,20,Nem chua,10,704000,10,6336000
221,59,10,Xôi gà,10,297000,0,2970000
222,59,13,Cơm gà,10,128000,0,1280000
223,59,9,Bánh mì thịt,4,528000,15,1795200
224,60,48,Kính cường lực #48,8,245000,0,1960000
225,60,38,iPhone 15 #38,3,190000,0,570000
226,60,18,Bánh tráng trộn,4,43000,0,172000
227,60,39,Samsung Galaxy A55 #39,7,482000,0,3374000
228,60,49,Bánh cuốn #49,5,781000,5,3709750
229,61,49,Bánh cuốn #49,7,781000,5,5193650
230,61,35,Kính cường lực,1,490000,10,441000
231,61,47,Chè đậu đỏ #47,7,710000,15,4224500
232,61,25,Samsung Galaxy A55,6,564000,5,3214800
233,62,25,Samsung Galaxy A55,9,564000,10,4568400
234,63,20,Nem chua,5,704000,5,3344000
235,64,7,Nước chanh,8,645000,15,4386000
236,64,57,Ốp lưng điện thoại #57,8,16000,0,128000
237,64,15,Cháo sườn,9,442000,0,3978000
238,65,45,Xiaomi 14T #45,8,867000,10,6242400
239,65,5,Sinh tố bơ,4,570000,5,2166000
240,65,18,Bánh tráng trộn,2,43000,0,86000
241,66,45,Xiaomi 14T #45,9,867000,5,7412850
242,66,38,iPhone 15 #38,1,190000,0,190000
243,66,9,Bánh mì thịt,6,528000,10,2851200
244,66,39,Samsung Galaxy A55 #39,3,482000,0,1446000
245,66,17,Khoai tây chiên,3,447000,0,1341000
246,66,20,Nem chua,1,704000,5,668800
247,67,13,Cơm gà,4,128000,0,512000
248,68,49,Bánh cuốn #49,4,781000,0,3124000
249,69,25,Samsung Galaxy A55,9,564000,0,5076000
250,70,15,Cháo sườn,1,442000,15,375700
251,71,17,Khoai tây chiên,10,447000,15,3799500
252,71,28,Vivo V30,10,437000,10,3933000
253,72,33,Pin dự phòng 10000mAh,6,379000,0,2274000
254,73,13,Cơm gà,9,128000,5,1094400
255,73,11,Phở bò,9,104000,0,936000
256,73,27,OPPO Reno12,4,556000,10,2001600
257,73,36,Nước cam #36,1,9000,0,9000
258,74,28,Vivo V30,3,437000,10,1179900
259,74,44,OPPO Reno12 #44,10,1171000,5,11124500
260,74,35,Kính cường lực,9,490000,15,3748500
261,74,26,Xiaomi 14T,8,263000,5,1998800
262,74,37,Cáp sạc USB-C #37,3,444000,10,1198800
263,74,47,Chè đậu đỏ #47,4,710000,15,2414000
264,75,21,Bánh flan,10,557000,5,5291500
265,76,1,Cà phê đen,5,631000,0,3155000
266,76,20,Nem chua,2,704000,0,1408000
267,77,36,Nước cam #36,3,9000,0,27000
268,77,41,Mì Quảng #41,6,15000,0,90000
269,77,5,Sinh tố bơ,8,570000,5,4332000
270,78,36,Nước cam #36,5,9000,10,40500
271,78,47,Chè đậu đỏ #47,6,710000,10,3834000
272,78,43,Xôi gà #43,9,390000,0,3510000
273,78,7,Nước chanh,4,645000,10,2322000
274,78,57,Ốp lưng điện thoại #57,6,16000,0,96000
275,79,59,Nem chua #59,5,194000,15,824500
276,79,17,Khoai tây chiên,6,447000,15,2279700
277,79,39,Samsung Galaxy A55 #39,1,482000,0,482000
278,79,18,Bánh tráng trộn,7,43000,0,301000
279,79,11,Phở bò,8,104000,0,832000
280,79,44,OPPO Reno12 #44,6,1171000,5,6674700
281,80,20,Nem chua,2,704000,5,1337600
282,81,57,Ốp lưng điện thoại #57,2,16000,10,28800
283,81,33,Pin dự phòng 10000mAh,3,379000,0,1137000
284,81,35,Kính cường lực,1,490000,5,465500
285,81,15,Cháo sườn,7,442000,15,2629900
286,82,47,Chè đậu đỏ #47,9,710000,15,5431500
287,82,6,Trà sữa trân châu,5,77000,0,385000
288,82,10,Xôi gà,10,297000,0,2970000
289,83,45,Xiaomi 14T #45,3,867000,0,2601000
290,83,11,Phở bò,5,104000,0,520000
291,83,27,OPPO Reno12,1,556000,10,500400
292,84,28,Vivo V30,3,437000,0,1311000
293,84,25,Samsung Galaxy A55,5,564000,10,2538000
294,85,7,Nước chanh,7,645000,0,4515000
295,85,10,Xôi gà,10,297000,10,2673000
296,85,39,Samsung Galaxy A55 #39,8,482000,10,3470400
297,85,60,Ốp lưng điện thoại #60,6,337000,0,2022000
298,85,9,Bánh mì thịt,6,528000,0,3168000
299,85,21,Bánh flan,9,557000,0,5013000
300,86,47,Chè đậu đỏ #47,4,710000,0,2840000
301,86,48,Kính cường lực #48,10,245000,0,2450000
302,86,24,iPhone 15,6,26000,5,148200
303,87,11,Phở bò,3,104000,0,312000
304,87,37,Cáp sạc USB-C #37,6,444000,10,2397600
305,87,48,Kính cường lực #48,10,245000,0,2450000
306,87,47,Chè đậu đỏ #47,9,710000,0,6390000
307,88,47,Chè đậu đỏ #47,3,710000,5,2023500
308,88,41,Mì Quảng #41,7,15000,0,105000
309,88,43,Xôi gà #43,6,390000,0,2340000
310,88,25,Samsung Galaxy A55,10,564000,5,5358000
311,88,60,Ốp lưng điện thoại #60,7,337000,10,2123100
312,89,49,Bánh cuốn #49,2,781000,10,1405800
313,90,8,Soda chanh leo,8,1004000,15,6827200
314,90,10,Xôi gà,1,297000,0,297000
315,90,39,Samsung Galaxy A55 #39,4,482000,0,1928000
316,90,35,Kính cường lực,10,490000,15,4165000
317,91,45,Xiaomi 14T #45,5,867000,10,3901500
318,91,20,Nem chua,5,704000,5,3344000
319,91,21,Bánh flan,6,557000,0,3342000
320,91,35,Kính cường lực,10,490000,0,4900000
321,92,1,Cà phê đen,9,631000,0,5679000
322,93,35,Kính cường lực,9,490000,0,4410000
323,93,39,Samsung Galaxy A55 #39,3,482000,5,1373700
324,93,41,Mì Quảng #41,3,15000,0,45000
325,93,44,OPPO Reno12 #44,9,1171000,5,10012050
326,94,5,Sinh tố bơ,3,570000,15,1453500
327,95,47,Chè đậu đỏ #47,7,710000,10,4473000
328,95,44,OPPO Reno12 #44,8,1171000,5,8899600
329,95,18,Bánh tráng trộn,6,43000,0,258000
330,95,51,iPhone 15 #51,3,325000,5,926250
331,96,43,Xôi gà #43,1,390000,0,390000
332,96,59,Nem chua #59,10,194000,5,1843000
333,96,38,iPhone 15 #38,6,190000,0,1140000
334,97,47,Chè đậu đỏ #47,9,710000,10,5751000
335,97,57,Ốp lưng điện thoại #57,2,16000,0,32000
336,97,9,Bánh mì thịt,8,528000,15,3590400
337,98,1,Cà phê đen,7,631000,0,4417000
338,98,48,Kính cường lực #48,5,245000,0,1225000
339,98,47,Chè đậu đỏ #47,3,710000,0,2130000
340,98,51,iPhone 15 #51,10,325000,15,2762500
341,98,36,Nước cam #36,5,9000,15,38250
342,99,28,Vivo V30,10,437000,0,4370000
343,100,26,Xiaomi 14T,5,263000,0,1315000
344,100,13,Cơm gà,1,128000,15,108800
345,100,27,OPPO Reno12,2,556000,10,1000800
346,101,26,Xiaomi 14T,8,263000,0,2104000
347,101,25,Samsung Galaxy A55,9,564000,0,5076000
348,102,39,Samsung Galaxy A55 #39,4,482000,10,1735200
349,102,25,Samsung Galaxy A55,6,564000,0,3384000
350,102,45,Xiaomi 14T #45,5,867000,0,4335000
351,102,17,Khoai tây chiên,1,447000,0,447000
352,103,24,iPhone 15,9,26000,5,222300
353,103,39,Samsung Galaxy A55 #39,1,482000,0,482000
354,103,48,Kính cường lực #48,8,245000,5,1862000
355,103,26,Xiaomi 14T,6,263000,10,1420200
356,103,15,Cháo sườn,1,442000,0,442000
357,104,10,Xôi gà,8,297000,15,2019600
358,104,26,Xiaomi 14T,4,263000,15,894200
359,104,41,Mì Quảng #41,10,15000,0,150000
360,105,1,Cà phê đen,7,631000,0,4417000
361,106,5,Sinh tố bơ,10,570000,0,5700000
362,107,11,Phở bò,2,104000,15,176800
363,107,9,Bánh mì thịt,3,528000,0,1584000
364,107,13,Cơm gà,5,128000,5,608000
365,107,39,Samsung Galaxy A55 #39,2,482000,15,819400
366,107,18,Bánh tráng trộn,8,43000,0,344000
367,107,45,Xiaomi 14T #45,7,867000,15,5158650
368,108,39,Samsung Galaxy A55 #39,5,482000,0,2410000
369,108,36,Nước cam #36,8,9000,0,72000
370,108,7,Nước chanh,8,645000,0,5160000
371,108,26,Xiaomi 14T,10,263000,5,2498500
372,109,10,Xôi gà,5,297000,0,1485000
373,109,45,Xiaomi 14T #45,1,867000,0,867000
374,110,15,Cháo sườn,5,442000,0,2210000
375,110,1,Cà phê đen,6,631000,5,3596700
376,110,6,Trà sữa trân châu,10,77000,0,770000
377,110,39,Samsung Galaxy A55 #39,9,482000,15,3687300
378,111,39,Samsung Galaxy A55 #39,8,482000,0,3856000
379,112,9,Bánh mì thịt,5,528000,15,2244000
380,112,38,iPhone 15 #38,4,190000,0,760000
381,112,36,Nước cam #36,9,9000,0,81000
382,112,60,Ốp lưng điện thoại #60,7,337000,15,2005150
383,112,47,Chè đậu đỏ #47,4,710000,0,2840000
384,112,39,Samsung Galaxy A55 #39,7,482000,0,3374000
385,113,6,Trà sữa trân châu,1,77000,15,65450
386,113,20,Nem chua,10,704000,0,7040000
387,114,5,Sinh tố bơ,6,570000,15,2907000
388,114,6,Trà sữa trân châu,1,77000,5,73150
389,114,36,Nước cam #36,2,9000,0,18000
390,114,7,Nước chanh,9,645000,5,5514750
391,115,5,Sinh tố bơ,3,570000,0,1710000
392,115,48,Kính cường lực #48,3,245000,15,624750
393,115,6,Trà sữa trân châu,1,77000,0,77000
394,115,25,Samsung Galaxy A55,2,564000,5,1071600
395,116,24,iPhone 15,7,26000,0,182000
396,116,8,Soda chanh leo,2,1004000,15,1706800
397,116,20,Nem chua,10,704000,10,6336000
398,116,44,OPPO Reno12 #44,3,1171000,0,3513000
399,116,36,Nước cam #36,4,9000,0,36000
400,117,17,Khoai tây chiên,4,447000,10,1609200
401,117,38,iPhone 15 #38,1,190000,0,190000
402,117,60,Ốp lưng điện thoại #60,2,337000,15,572900
403,117,45,Xiaomi 14T #45,10,867000,5,8236500
404,118,28,Vivo V30,7,437000,15,2600150
405,119,25,Samsung Galaxy A55,10,564000,0,5640000
406,119,18,Bánh tráng trộn,5,43000,0,215000
407,119,6,Trà sữa trân châu,7,77000,0,539000
408,119,49,Bánh cuốn #49,9,781000,0,7029000
409,120,51,iPhone 15 #51,1,325000,0,325000
410,120,24,iPhone 15,2,26000,0,52000
411,120,47,Chè đậu đỏ #47,8,710000,5,5396000
412,120,21,Bánh flan,3,557000,0,1671000
413,120,27,OPPO Reno12,1,556000,0,556000
414,121,6,Trà sữa trân châu,3,77000,0,231000
415,121,10,Xôi gà,1,297000,5,282150
416,121,7,Nước chanh,9,645000,0,5805000
417,121,59,Nem chua #59,2,194000,0,388000
418,122,35,Kính cường lực,4,490000,15,1666000
419,122,24,iPhone 15,7,26000,0,182000
420,122,11,Phở bò,7,104000,0,728000
421,122,60,Ốp lưng điện thoại #60,2,337000,5,640300
422,122,59,Nem chua #59,10,194000,5,1843000
423,122,7,Nước chanh,1,645000,5,612750
424,123,47,Chè đậu đỏ #47,6,710000,0,4260000
425,123,20,Nem chua,4,704000,0,2816000
426,124,47,Chè đậu đỏ #47,8,710000,5,5396000
427,125,17,Khoai tây chiên,4,447000,10,1609200
428,125,24,iPhone 15,8,26000,5,197600
429,125,9,Bánh mì thịt,5,528000,0,2640000
430,125,43,Xôi gà #43,7,390000,15,2320500
431,125,49,Bánh cuốn #49,4,781000,0,3124000
432,125,44,OPPO Reno12 #44,6,1171000,5,6674700
433,126,6,Trà sữa trân châu,8,77000,15,523600
434,127,10,Xôi gà,1,297000,15,252450
435,127,45,Xiaomi 14T #45,7,867000,0,6069000
436,127,49,Bánh cuốn #49,3,781000,0,2343000
437,127,25,Samsung Galaxy A55,5,564000,0,2820000
438,127,9,Bánh mì thịt,2,528000,0,1056000
439,127,27,OPPO Reno12,8,556000,15,3780800
440,128,47,Chè đậu đỏ #47,8,710000,0,5680000
441,129,8,Soda chanh leo,7,1004000,15,5973800
442,130,59,Nem chua #59,6,194000,0,1164000
443,130,21,Bánh flan,2,557000,5,1058300
444,130,9,Bánh mì thịt,6,528000,5,3009600
445,130,36,Nước cam #36,10,9000,0,90000
446,130,7,Nước chanh,6,645000,0,3870000
447,130,26,Xiaomi 14T,3,263000,15,670650
448,131,59,Nem chua #59,8,194000,15,1319200
449,131,11,Phở bò,10,104000,15,884000
450,132,27,OPPO Reno12,6,556000,5,3169200
451,132,7,Nước chanh,8,645000,10,4644000
452,132,8,Soda chanh leo,9,1004000,0,9036000
453,132,38,iPhone 15 #38,8,190000,15,1292000
454,133,9,Bánh mì thịt,2,528000,0,1056000
455,133,41,Mì Quảng #41,3,15000,0,45000
456,133,18,Bánh tráng trộn,2,43000,15,73100
457,133,28,Vivo V30,3,437000,5,1245450
458,134,59,Nem chua #59,1,194000,0,194000
459,134,13,Cơm gà,4,128000,0,512000
460,134,48,Kính cường lực #48,1,245000,0,245000
461,134,37,Cáp sạc USB-C #37,9,444000,15,3396600
462,134,43,Xôi gà #43,6,390000,5,2223000
463,134,24,iPhone 15,10,26000,0,260000
464,135,47,Chè đậu đỏ #47,5,710000,0,3550000
465,135,33,Pin dự phòng 10000mAh,8,379000,0,3032000
466,135,13,Cơm gà,5,128000,0,640000
467,135,17,Khoai tây chiên,3,447000,0,1341000
468,136,18,Bánh tráng trộn,4,43000,0,172000
469,136,15,Cháo sườn,1,442000,0,442000
470,136,17,Khoai tây chiên,10,447000,0,4470000
471,137,35,Kính cường lực,6,490000,0,2940000
472,138,41,Mì Quảng #41,8,15000,0,120000
473,139,28,Vivo V30,10,437000,15,3714500
474,139,48,Kính cường lực #48,8,245000,0,1960000
475,139,15,Cháo sườn,2,442000,15,751400
476,140,41,Mì Quảng #41,10,15000,0,150000
477,141,57,Ốp lưng điện thoại #57,5,16000,0,80000
478,141,24,iPhone 15,1,26000,0,26000
479,142,51,iPhone 15 #51,7,325000,0,2275000
480,142,7,Nước chanh,7,645000,0,4515000
481,142,38,iPhone 15 #38,1,190000,0,190000
482,142,41,Mì Quảng #41,6,15000,0,90000
483,142,15,Cháo sườn,5,442000,5,2099500
484,143,17,Khoai tây chiên,3,447000,10,1206900
485,143,44,OPPO Reno12 #44,10,1171000,0,11710000
486,143,43,Xôi gà #43,3,390000,0,1170000
487,144,39,Samsung Galaxy A55 #39,7,482000,0,3374000
488,144,9,Bánh mì thịt,9,528000,5,4514400
489,144,1,Cà phê đen,10,631000,0,6310000
490,144,43,Xôi gà #43,4,390000,0,1560000
491,144,27,OPPO Reno12,7,556000,0,3892000
492,145,47,Chè đậu đỏ #47,5,710000,15,3017500
493,145,24,iPhone 15,8,26000,0,208000
494,145,5,Sinh tố bơ,5,570000,5,2707500
495,145,1,Cà phê đen,3,631000,5,1798350
496,145,15,Cháo sườn,4,442000,0,1768000
497,145,13,Cơm gà,2,128000,0,256000
498,146,44,OPPO Reno12 #44,9,1171000,15,8958150
499,146,26,Xiaomi 14T,10,263000,0,2630000
500,146,48,Kính cường lực #48,5,245000,0,1225000
501,146,11,Phở bò,10,104000,0,1040000
502,146,38,iPhone 15 #38,3,190000,0,570000
503,147,37,Cáp sạc USB-C #37,2,444000,10,799200
504,147,7,Nước chanh,4,645000,15,2193000
505,147,28,Vivo V30,3,437000,0,1311000
506,147,57,Ốp lưng điện thoại #57,10,16000,0,160000
507,148,38,iPhone 15 #38,9,190000,0,1710000
508,148,10,Xôi gà,6,297000,5,1692900
509,148,37,Cáp sạc USB-C #37,7,444000,0,3108000
510,148,15,Cháo sườn,3,442000,0,1326000
511,148,1,Cà phê đen,4,631000,0,2524000
512,148,8,Soda chanh leo,9,1004000,0,9036000
513,149,60,Ốp lưng điện thoại #60,3,337000,0,1011000
514,149,11,Phở bò,8,104000,0,832000
515,149,43,Xôi gà #43,5,390000,15,1657500
516,149,47,Chè đậu đỏ #47,6,710000,0,4260000
517,149,8,Soda chanh leo,8,1004000,10,7228800
518,149,7,Nước chanh,9,645000,0,5805000
519,150,15,Cháo sườn,2,442000,5,839800
520,150,24,iPhone 15,2,26000,0,52000
521,150,33,Pin dự phòng 10000mAh,1,379000,5,360050
522,150,13,Cơm gà,7,128000,0,896000
523,150,21,Bánh flan,4,557000,0,2228000
524,150,8,Soda chanh leo,1,1004000,15,853400
525,151,1,Cà phê đen,6,631000,0,3786000
526,151,10,Xôi gà,2,297000,0,594000
527,151,11,Phở bò,5,104000,10,468000
528,151,21,Bánh flan,6,557000,0,3342000
529,151,20,Nem chua,3,704000,10,1900800
530,151,9,Bánh mì thịt,10,528000,0,5280000
531,152,28,Vivo V30,9,437000,0,3933000
532,152,17,Khoai tây chiên,2,447000,0,894000
533,153,18,Bánh tráng trộn,6,43000,5,245100
534,154,11,Phở bò,3,104000,5,296400
535,154,47,Chè đậu đỏ #47,6,710000,15,3621000
536,154,57,Ốp lưng điện thoại #57,5,16000,10,72000
537,155,33,Pin dự phòng 10000mAh,7,379000,0,2653000
538,155,45,Xiaomi 14T #45,7,867000,0,6069000
539,155,24,iPhone 15,2,26000,5,49400
540,155,60,Ốp lưng điện thoại #60,6,337000,0,2022000
541,156,9,Bánh mì thịt,10,528000,0,5280000
542,156,11,Phở bò,3,104000,0,312000
543,156,15,Cháo sườn,6,442000,0,2652000
544,156,41,Mì Quảng #41,6,15000,0,90000
545,156,51,iPhone 15 #51,10,325000,5,3087500
546,156,37,Cáp sạc USB-C #37,2,444000,0,888000
547,157,41,Mì Quảng #41,5,15000,0,75000
548,157,37,Cáp sạc USB-C #37,8,444000,0,3552000
549,157,48,Kính cường lực #48,2,245000,0,490000
550,157,60,Ốp lưng điện thoại #60,8,337000,5,2561200
551,157,49,Bánh cuốn #49,4,781000,15,2655400
552,157,26,Xiaomi 14T,3,263000,0,789000
553,158,35,Kính cường lực,2,490000,15,833000
554,158,15,Cháo sườn,9,442000,5,3779100
555,158,33,Pin dự phòng 10000mAh,8,379000,0,3032000
556,158,10,Xôi gà,5,297000,15,1262250
557,159,59,Nem chua #59,7,194000,5,1290100
558,159,5,Sinh tố bơ,6,570000,5,3249000
559,159,6,Trà sữa trân châu,8,77000,5,585200
560,159,44,OPPO Reno12 #44,1,1171000,0,1171000
561,159,11,Phở bò,3,104000,10,280800
562,160,49,Bánh cuốn #49,10,781000,5,7419500
563,160,11,Phở bò,8,104000,10,748800
564,160,60,Ốp lưng điện thoại #60,3,337000,10,909900
565,160,59,Nem chua #59,1,194000,5,184300
566,161,35,Kính cường lực,10,490000,0,4900000
567,161,7,Nước chanh,3,645000,0,1935000
568,161,5,Sinh tố bơ,6,570000,15,2907000
569,162,43,Xôi gà #43,4,390000,0,1560000
570,162,37,Cáp sạc USB-C #37,4,444000,15,1509600
571,162,7,Nước chanh,5,645000,10,2902500
572,163,35,Kính cường lực,7,490000,0,3430000
573,163,6,Trà sữa trân châu,1,77000,15,65450
574,163,47,Chè đậu đỏ #47,8,710000,10,5112000
575,163,44,OPPO Reno12 #44,1,1171000,0,1171000
576,163,51,iPhone 15 #51,7,325000,10,2047500
577,164,21,Bánh flan,10,557000,0,5570000
578,164,36,Nước cam #36,6,9000,5,51300
579,164,49,Bánh cuốn #49,4,781000,5,2967800
580,164,51,iPhone 15 #51,2,325000,10,585000
581,164,59,Nem chua #59,4,194000,0,776000
582,164,9,Bánh mì thịt,5,528000,0,2640000
583,165,10,Xôi gà,8,297000,5,2257200
584,165,36,Nước cam #36,4,9000,0,36000
585,165,27,OPPO Reno12,2,556000,15,945200
586,165,8,Soda chanh leo,5,1004000,10,4518000
587,165,57,Ốp lưng điện thoại #57,5,16000,5,76000
588,166,60,Ốp lưng điện thoại #60,3,337000,10,909900
589,166,18,Bánh tráng trộn,8,43000,0,344000
590,166,5,Sinh tố bơ,8,570000,0,4560000
591,166,57,Ốp lưng điện thoại #57,9,16000,10,129600
592,167,47,Chè đậu đỏ #47,3,710000,15,1810500
593,167,15,Cháo sườn,5,442000,5,2099500
594,167,25,Samsung Galaxy A55,7,564000,0,3948000
595,168,25,Samsung Galaxy A55,3,564000,0,1692000
596,168,41,Mì Quảng #41,1,15000,0,15000
597,168,11,Phở bò,5,104000,5,494000
598,169,13,Cơm gà,5,128000,15,544000
599,169,5,Sinh tố bơ,9,570000,0,5130000
600,169,26,Xiaomi 14T,1,263000,15,223550
601,170,43,Xôi gà #43,6,390000,15,1989000
602,171,51,iPhone 15 #51,2,325000,0,650000
603,171,11,Phở bò,10,104000,0,1040000
604,171,57,Ốp lưng điện thoại #57,6,16000,0,96000
605,171,26,Xiaomi 14T,10,263000,15,2235500
606,171,49,Bánh cuốn #49,7,781000,15,4646950
607,171,45,Xiaomi 14T #45,4,867000,5,3294600
608,172,43,Xôi gà #43,9,390000,0,3510000
609,172,26,Xiaomi 14T,2,263000,0,526000
610,172,7,Nước chanh,9,645000,5,5514750
611,172,49,Bánh cuốn #49,8,781000,15,5310800
612,173,5,Sinh tố bơ,4,570000,0,2280000
613,173,6,Trà sữa trân châu,9,77000,5,658350
614,173,7,Nước chanh,5,645000,15,2741250
615,174,26,Xiaomi 14T,5,263000,0,1315000
616,174,33,Pin dự phòng 10000mAh,3,379000,5,1080150
617,174,9,Bánh mì thịt,6,528000,15,2692800
618,174,25,Samsung Galaxy A55,7,564000,0,3948000
619,175,44,OPPO Reno12 #44,5,1171000,10,5269500
620,175,10,Xôi gà,2,297000,0,594000
621,175,17,Khoai tây chiên,7,447000,10,2816100
622,176,45,Xiaomi 14T #45,1,867000,5,823650
623,176,13,Cơm gà,4,128000,15,435200
624,177,13,Cơm gà,3,128000,0,384000
625,177,43,Xôi gà #43,3,390000,15,994500
626,177,35,Kính cường lực,10,490000,0,4900000
627,177,45,Xiaomi 14T #45,5,867000,0,4335000
628,177,48,Kính cường lực #48,2,245000,5,465500
629,178,60,Ốp lưng điện thoại #60,10,337000,15,2864500
630,179,7,Nước chanh,10,645000,5,6127500
631,179,41,Mì Quảng #41,10,15000,0,150000
632,180,57,Ốp lưng điện thoại #57,4,16000,0,64000
633,180,44,OPPO Reno12 #44,5,1171000,0,5855000
634,180,47,Chè đậu đỏ #47,8,710000,5,5396000
635,180,49,Bánh cuốn #49,3,781000,5,2225850
636,180,11,Phở bò,4,104000,10,374400
637,180,51,iPhone 15 #51,4,325000,0,1300000
638,181,25,Samsung Galaxy A55,10,564000,15,4794000
639,181,45,Xiaomi 14T #45,8,867000,0,6936000
640,181,38,iPhone 15 #38,1,190000,5,180500
641,182,44,OPPO Reno12 #44,6,1171000,0,7026000
642,182,26,Xiaomi 14T,8,263000,0,2104000
643,182,8,Soda chanh leo,10,1004000,15,8534000
644,182,10,Xôi gà,10,297000,15,2524500
645,182,7,Nước chanh,1,645000,0,645000
646,182,5,Sinh tố bơ,5,570000,10,2565000
647,183,6,Trà sữa trân châu,8,77000,0,616000
648,183,18,Bánh tráng trộn,8,43000,0,344000
649,183,26,Xiaomi 14T,2,263000,0,526000
650,183,17,Khoai tây chiên,9,447000,5,3821850
651,183,51,iPhone 15 #51,3,325000,0,975000
652,184,38,iPhone 15 #38,5,190000,10,855000
653,184,44,OPPO Reno12 #44,5,1171000,10,5269500
654,184,28,Vivo V30,6,437000,5,2490900
655,185,45,Xiaomi 14T #45,3,867000,0,2601000
656,185,7,Nước chanh,8,645000,0,5160000
657,185,20,Nem chua,3,704000,15,1795200
658,185,15,Cháo sườn,8,442000,5,3359200
659,185,59,Nem chua #59,2,194000,5,368600
660,185,11,Phở bò,1,104000,5,98800
661,186,15,Cháo sườn,5,442000,0,2210000
662,186,11,Phở bò,3,104000,15,265200
663,186,37,Cáp sạc USB-C #37,9,444000,0,3996000
664,186,9,Bánh mì thịt,10,528000,15,4488000
665,186,21,Bánh flan,10,557000,0,5570000
666,186,44,OPPO Reno12 #44,10,1171000,0,11710000
667,187,5,Sinh tố bơ,7,570000,0,3990000
668,187,28,Vivo V30,10,437000,0,4370000
669,187,11,Phở bò,6,104000,0,624000
670,188,1,Cà phê đen,10,631000,5,5994500
671,188,36,Nước cam #36,6,9000,15,45900
672,188,6,Trà sữa trân châu,10,77000,0,770000
673,189,8,Soda chanh leo,4,1004000,5,3815200
674,189,39,Samsung Galaxy A55 #39,2,482000,0,964000
675,189,9,Bánh mì thịt,4,528000,0,2112000
676,189,41,Mì Quảng #41,7,15000,5,99750
677,189,26,Xiaomi 14T,5,263000,15,1117750
678,189,57,Ốp lưng điện thoại #57,3,16000,0,48000
679,190,13,Cơm gà,4,128000,5,486400
680,190,37,Cáp sạc USB-C #37,8,444000,5,3374400
681,190,10,Xôi gà,8,297000,0,2376000
682,190,38,iPhone 15 #38,10,190000,10,1710000
683,190,51,iPhone 15 #51,7,325000,0,2275000
684,191,6,Trà sữa trân châu,9,77000,0,693000
685,192,57,Ốp lưng điện thoại #57,2,16000,5,30400
686,192,9,Bánh mì thịt,5,528000,0,2640000
687,192,28,Vivo V30,3,437000,15,1114350
688,192,47,Chè đậu đỏ #47,5,710000,0,3550000
689,192,44,OPPO Reno12 #44,9,1171000,5,10012050
690,193,10,Xôi gà,10,297000,0,2970000
691,193,51,iPhone 15 #51,6,325000,0,1950000
692,193,44,OPPO Reno12 #44,10,1171000,0,11710000
693,193,43,Xôi gà #43,9,390000,0,3510000
694,193,47,Chè đậu đỏ #47,2,710000,15,1207000
695,194,33,Pin dự phòng 10000mAh,3,379000,0,1137000
696,194,35,Kính cường lực,3,490000,0,1470000
697,194,47,Chè đậu đỏ #47,10,710000,0,7100000
698,194,45,Xiaomi 14T #45,2,867000,5,1647300
699,194,26,Xiaomi 14T,9,263000,0,2367000
700,194,17,Khoai tây chiên,1,447000,5,424650
701,195,49,Bánh cuốn #49,5,781000,0,3905000
702,195,33,Pin dự phòng 10000mAh,3,379000,0,1137000
703,195,38,iPhone 15 #38,1,190000,0,190000
704,195,41,Mì Quảng #41,2,15000,0,30000
705,196,59,Nem chua #59,8,194000,0,1552000
706,196,20,Nem chua,8,704000,5,5350400
707,196,9,Bánh mì thịt,1,528000,0,528000
708,196,33,Pin dự phòng 10000mAh,3,379000,0,1137000
709,197,28,Vivo V30,1,437000,0,437000
710,197,41,Mì Quảng #41,1,15000,0,15000
711,198,28,Vivo V30,10,437000,15,3714500
712,198,6,Trà sữa trân châu,10,77000,15,654500
713,198,49,Bánh cuốn #49,8,781000,0,6248000
714,198,41,Mì Quảng #41,1,15000,10,13500
715,198,51,iPhone 15 #51,1,325000,5,308750
716,199,49,Bánh cuốn #49,10,781000,15,6638500
717,200,20,Nem chua,4,704000,10,2534400
718,200,48,Kính cường lực #48,6,245000,10,1323000
719,200,37,Cáp sạc USB-C #37,8,444000,0,3552000
720,200,45,Xiaomi 14T #45,5,867000,15,3684750
721,200,24,iPhone 15,7,26000,5,172900
722,200,26,Xiaomi 14T,6,263000,5,1499100
723,201,18,Bánh tráng trộn,3,43000,10,116100
724,201,20,Nem chua,8,704000,0,5632000
725,202,37,Cáp sạc USB-C #37,5,444000,0,2220000
726,203,24,iPhone 15,2,26000,10,46800
727,204,27,OPPO Reno12,8,556000,5,4225600
728,204,15,Cháo sườn,2,442000,0,884000
729,204,51,iPhone 15 #51,10,325000,10,2925000
730,204,10,Xôi gà,2,297000,10,534600
731,204,7,Nước chanh,1,645000,10,580500
732,205,28,Vivo V30,9,437000,5,3736350
733,205,45,Xiaomi 14T #45,2,867000,0,1734000
734,206,1,Cà phê đen,5,631000,10,2839500
735,206,25,Samsung Galaxy A55,3,564000,0,1692000
736,206,48,Kính cường lực #48,5,245000,0,1225000
737,206,36,Nước cam #36,7,9000,0,63000
738,207,44,OPPO Reno12 #44,7,1171000,5,7787150
739,207,43,Xôi gà #43,9,390000,15,2983500
740,208,8,Soda chanh leo,3,1004000,5,2861400
741,208,9,Bánh mì thịt,1,528000,5,501600
742,208,36,Nước cam #36,1,9000,15,7650
743,208,35,Kính cường lực,3,490000,10,1323000
744,208,41,Mì Quảng #41,1,15000,15,12750
745,209,35,Kính cường lực,7,490000,5,3258500
746,209,37,Cáp sạc USB-C #37,4,444000,10,1598400
747,209,1,Cà phê đen,10,631000,10,5679000
748,209,27,OPPO Reno12,8,556000,15,3780800
749,209,15,Cháo sườn,6,442000,15,2254200
750,209,59,Nem chua #59,7,194000,0,1358000
751,210,13,Cơm gà,9,128000,0,1152000
752,210,57,Ốp lưng điện thoại #57,9,16000,0,144000
753,210,28,Vivo V30,3,437000,0,1311000
754,210,21,Bánh flan,1,557000,10,501300
755,210,9,Bánh mì thịt,10,528000,0,5280000
756,210,26,Xiaomi 14T,4,263000,0,1052000
757,211,51,iPhone 15 #51,1,325000,15,276250
758,211,37,Cáp sạc USB-C #37,2,444000,5,843600
759,211,11,Phở bò,5,104000,10,468000
760,212,59,Nem chua #59,10,194000,15,1649000
761,212,24,iPhone 15,3,26000,15,66300
762,212,37,Cáp sạc USB-C #37,7,444000,10,2797200
763,212,33,Pin dự phòng 10000mAh,4,379000,0,1516000
764,212,28,Vivo V30,6,437000,10,2359800
765,212,36,Nước cam #36,10,9000,0,90000
766,213,9,Bánh mì thịt,1,528000,5,501600
767,214,41,Mì Quảng #41,7,15000,5,99750
768,214,60,Ốp lưng điện thoại #60,8,337000,15,2291600
769,214,57,Ốp lưng điện thoại #57,7,16000,0,112000
770,214,26,Xiaomi 14T,3,263000,10,710100
771,214,49,Bánh cuốn #49,3,781000,5,2225850
772,215,47,Chè đậu đỏ #47,1,710000,15,603500
773,215,48,Kính cường lực #48,3,245000,10,661500
774,216,28,Vivo V30,6,437000,0,2622000
775,216,6,Trà sữa trân châu,6,77000,0,462000
776,216,57,Ốp lưng điện thoại #57,5,16000,5,76000
777,216,15,Cháo sườn,1,442000,0,442000
778,216,11,Phở bò,3,104000,10,280800
779,217,49,Bánh cuốn #49,1,781000,5,741950
780,217,1,Cà phê đen,8,631000,10,4543200
781,217,11,Phở bò,5,104000,10,468000
782,217,37,Cáp sạc USB-C #37,8,444000,0,3552000
783,217,8,Soda chanh leo,7,1004000,5,6676600
784,217,44,OPPO Reno12 #44,10,1171000,0,11710000
785,218,35,Kính cường lực,10,490000,15,4165000
786,218,9,Bánh mì thịt,10,528000,5,5016000
787,219,45,Xiaomi 14T #45,5,867000,10,3901500
788,219,27,OPPO Reno12,2,556000,15,945200
789,219,9,Bánh mì thịt,9,528000,0,4752000
790,219,17,Khoai tây chiên,4,447000,10,1609200
791,219,5,Sinh tố bơ,9,570000,10,4617000
792,219,28,Vivo V30,1,437000,10,393300
793,220,18,Bánh tráng trộn,10,43000,5,408500
794,220,5,Sinh tố bơ,2,570000,10,1026000
795,220,27,OPPO Reno12,10,556000,0,5560000
796,220,21,Bánh flan,7,557000,10,3509100
797,220,25,Samsung Galaxy A55,1,564000,5,535800
798,221,35,Kính cường lực,2,490000,10,882000
799,221,39,Samsung Galaxy A55 #39,3,482000,0,1446000
800,221,26,Xiaomi 14T,3,263000,0,789000
801,221,9,Bánh mì thịt,5,528000,0,2640000
802,221,11,Phở bò,3,104000,0,312000
803,222,7,Nước chanh,7,645000,0,4515000
804,222,33,Pin dự phòng 10000mAh,5,379000,5,1800250
805,222,39,Samsung Galaxy A55 #39,2,482000,0,964000
806,222,10,Xôi gà,4,297000,0,1188000
807,222,35,Kính cường lực,10,490000,10,4410000
808,222,8,Soda chanh leo,4,1004000,5,3815200
809,223,8,Soda chanh leo,4,1004000,0,4016000
810,223,48,Kính cường lực #48,5,245000,10,1102500
811,223,5,Sinh tố bơ,10,570000,15,4845000
812,223,43,Xôi gà #43,2,390000,0,780000
813,224,51,iPhone 15 #51,4,325000,10,1170000
814,224,21,Bánh flan,7,557000,10,3509100
815,224,15,Cháo sườn,8,442000,0,3536000
816,224,38,iPhone 15 #38,1,190000,5,180500
817,224,17,Khoai tây chiên,10,447000,0,4470000
818,224,41,Mì Quảng #41,3,15000,0,45000
819,225,37,Cáp sạc USB-C #37,1,444000,0,444000
820,225,21,Bánh flan,9,557000,10,4511700
821,225,51,iPhone 15 #51,2,325000,0,650000
822,225,28,Vivo V30,2,437000,5,830300
823,226,51,iPhone 15 #51,6,325000,15,1657500
824,226,35,Kính cường lực,5,490000,15,2082500
825,227,36,Nước cam #36,10,9000,5,85500
826,227,5,Sinh tố bơ,1,570000,0,570000
827,227,13,Cơm gà,3,128000,5,364800
828,227,1,Cà phê đen,9,631000,15,4827150
829,228,45,Xiaomi 14T #45,3,867000,15,2210850
830,228,11,Phở bò,1,104000,0,104000
831,228,37,Cáp sạc USB-C #37,8,444000,0,3552000
832,228,39,Samsung Galaxy A55 #39,4,482000,5,1831600
833,228,57,Ốp lưng điện thoại #57,1,16000,0,16000
834,228,20,Nem chua,1,704000,0,704000
835,229,24,iPhone 15,6,26000,0,156000
836,229,49,Bánh cuốn #49,5,781000,5,3709750
837,230,51,iPhone 15 #51,9,325000,0,2925000
838,230,49,Bánh cuốn #49,10,781000,15,6638500
839,230,17,Khoai tây chiên,10,447000,10,4023000
840,231,24,iPhone 15,9,26000,10,210600
841,231,57,Ốp lưng điện thoại #57,5,16000,15,68000
842,231,27,OPPO Reno12,9,556000,5,4753800
843,231,20,Nem chua,1,704000,5,668800
844,231,5,Sinh tố bơ,1,570000,0,570000
845,232,57,Ốp lưng điện thoại #57,1,16000,0,16000
846,232,6,Trà sữa trân châu,7,77000,10,485100
847,232,24,iPhone 15,8,26000,0,208000
848,233,24,iPhone 15,7,26000,0,182000
849,234,10,Xôi gà,6,297000,0,1782000
850,234,5,Sinh tố bơ,4,570000,0,2280000
851,234,48,Kính cường lực #48,8,245000,0,1960000
852,234,44,OPPO Reno12 #44,6,1171000,0,7026000
853,234,59,Nem chua #59,6,194000,10,1047600
854,234,28,Vivo V30,4,437000,0,1748000
855,235,6,Trà sữa trân châu,7,77000,0,539000
856,236,44,OPPO Reno12 #44,7,1171000,5,7787150
857,236,8,Soda chanh leo,2,1004000,10,1807200
858,236,10,Xôi gà,7,297000,0,2079000
859,236,7,Nước chanh,10,645000,15,5482500
860,236,51,iPhone 15 #51,10,325000,0,3250000
861,236,15,Cháo sườn,8,442000,5,3359200
862,237,5,Sinh tố bơ,2,570000,0,1140000
863,237,47,Chè đậu đỏ #47,10,710000,15,6035000
864,237,57,Ốp lưng điện thoại #57,2,16000,10,28800
865,237,36,Nước cam #36,4,9000,10,32400
866,237,20,Nem chua,3,704000,15,1795200
867,237,7,Nước chanh,9,645000,0,5805000
868,238,6,Trà sữa trân châu,3,77000,0,231000
869,238,7,Nước chanh,10,645000,5,6127500
870,239,36,Nước cam #36,1,9000,10,8100
871,239,28,Vivo V30,10,437000,15,3714500
872,239,38,iPhone 15 #38,3,190000,0,570000
873,240,20,Nem chua,6,704000,0,4224000
874,240,8,Soda chanh leo,8,1004000,15,6827200
875,241,33,Pin dự phòng 10000mAh,3,379000,0,1137000
876,241,43,Xôi gà #43,8,390000,0,3120000
877,241,36,Nước cam #36,8,9000,0,72000
878,242,48,Kính cường lực #48,7,245000,0,1715000
879,242,36,Nước cam #36,7,9000,0,63000
880,243,15,Cháo sườn,5,442000,5,2099500
881,244,20,Nem chua,3,704000,0,2112000
882,244,28,Vivo V30,5,437000,15,1857250
883,245,26,Xiaomi 14T,1,263000,15,223550
884,245,10,Xôi gà,3,297000,5,846450
885,246,17,Khoai tây chiên,2,447000,0,894000
886,246,57,Ốp lưng điện thoại #57,3,16000,0,48000
887,246,44,OPPO Reno12 #44,4,1171000,0,4684000
888,247,6,Trà sữa trân châu,9,77000,0,693000
889,247,20,Nem chua,3,704000,0,2112000
890,248,49,Bánh cuốn #49,3,781000,10,2108700
891,248,21,Bánh flan,7,557000,15,3314150
892,248,9,Bánh mì thịt,9,528000,0,4752000
893,248,48,Kính cường lực #48,8,245000,10,1764000
894,248,8,Soda chanh leo,8,1004000,0,8032000
895,249,48,Kính cường lực #48,4,245000,0,980000
896,249,27,OPPO Reno12,4,556000,5,2112800
897,249,41,Mì Quảng #41,4,15000,5,57000
898,249,6,Trà sữa trân châu,4,77000,0,308000
899,250,13,Cơm gà,2,128000,0,256000
900,251,36,Nước cam #36,6,9000,5,51300
901,251,44,OPPO Reno12 #44,6,1171000,0,7026000
902,251,45,Xiaomi 14T #45,7,867000,0,6069000
903,251,47,Chè đậu đỏ #47,3,710000,5,2023500
904,251,43,Xôi gà #43,4,390000,0,1560000
905,252,9,Bánh mì thịt,6,528000,0,3168000
906,252,27,OPPO Reno12,9,556000,0,5004000
907,252,24,iPhone 15,6,26000,0,156000
908,252,10,Xôi gà,6,297000,0,1782000
909,252,11,Phở bò,5,104000,15,442000
910,252,6,Trà sữa trân châu,5,77000,0,385000
911,253,41,Mì Quảng #41,9,15000,0,135000
912,253,1,Cà phê đen,7,631000,0,4417000
913,253,48,Kính cường lực #48,4,245000,15,833000
914,254,47,Chè đậu đỏ #47,4,710000,5,2698000
915,254,36,Nước cam #36,7,9000,0,63000
916,254,9,Bánh mì thịt,8,528000,5,4012800
917,254,35,Kính cường lực,9,490000,0,4410000
918,255,49,Bánh cuốn #49,6,781000,0,4686000
919,256,59,Nem chua #59,3,194000,0,582000
920,256,33,Pin dự phòng 10000mAh,6,379000,10,2046600
921,256,35,Kính cường lực,10,490000,10,4410000
922,256,5,Sinh tố bơ,10,570000,5,5415000
923,256,6,Trà sữa trân châu,7,77000,0,539000
924,256,47,Chè đậu đỏ #47,7,710000,0,4970000
925,257,33,Pin dự phòng 10000mAh,9,379000,0,3411000
926,257,9,Bánh mì thịt,1,528000,15,448800
927,257,17,Khoai tây chiên,10,447000,5,4246500
928,257,10,Xôi gà,1,297000,0,297000
929,258,57,Ốp lưng điện thoại #57,1,16000,0,16000
930,258,8,Soda chanh leo,6,1004000,5,5722800
931,258,47,Chè đậu đỏ #47,7,710000,0,4970000
932,258,7,Nước chanh,2,645000,0,1290000
933,258,38,iPhone 15 #38,9,190000,5,1624500
934,258,26,Xiaomi 14T,8,263000,15,1788400
935,259,48,Kính cường lực #48,4,245000,0,980000
936,259,17,Khoai tây chiên,3,447000,5,1273950
937,259,33,Pin dự phòng 10000mAh,2,379000,5,720100
938,259,20,Nem chua,10,704000,0,7040000
939,259,47,Chè đậu đỏ #47,9,710000,0,6390000
940,259,13,Cơm gà,10,128000,5,1216000
941,260,37,Cáp sạc USB-C #37,7,444000,0,3108000
942,260,33,Pin dự phòng 10000mAh,3,379000,10,1023300
943,260,41,Mì Quảng #41,7,15000,5,99750
944,260,18,Bánh tráng trộn,7,43000,15,255850
945,261,27,OPPO Reno12,5,556000,15,2363000
946,261,59,Nem chua #59,2,194000,15,329800
947,262,10,Xôi gà,9,297000,0,2673000
948,263,5,Sinh tố bơ,6,570000,15,2907000
949,263,8,Soda chanh leo,7,1004000,0,7028000
950,263,47,Chè đậu đỏ #47,7,710000,0,4970000
951,263,39,Samsung Galaxy A55 #39,1,482000,0,482000
952,264,9,Bánh mì thịt,9,528000,15,4039200
953,265,5,Sinh tố bơ,3,570000,0,1710000
954,265,10,Xôi gà,2,297000,10,534600
955,266,45,Xiaomi 14T #45,3,867000,0,2601000
956,266,37,Cáp sạc USB-C #37,1,444000,15,377400
957,267,10,Xôi gà,1,297000,0,297000
958,267,39,Samsung Galaxy A55 #39,7,482000,0,3374000
959,267,33,Pin dự phòng 10000mAh,4,379000,0,1516000
960,267,45,Xiaomi 14T #45,4,867000,0,3468000
961,267,7,Nước chanh,2,645000,0,1290000
962,267,57,Ốp lưng điện thoại #57,7,16000,0,112000
963,268,17,Khoai tây chiên,3,447000,0,1341000
964,269,21,Bánh flan,7,557000,5,3704050
965,269,59,Nem chua #59,2,194000,0,388000
966,270,35,Kính cường lực,2,490000,15,833000
967,270,1,Cà phê đen,5,631000,15,2681750
968,270,39,Samsung Galaxy A55 #39,10,482000,0,4820000
969,270,21,Bánh flan,1,557000,0,557000
970,270,47,Chè đậu đỏ #47,4,710000,5,2698000
971,270,11,Phở bò,5,104000,10,468000
972,271,35,Kính cường lực,7,490000,15,2915500
973,272,48,Kính cường lực #48,9,245000,15,1874250
974,272,8,Soda chanh leo,4,1004000,10,3614400
975,272,36,Nước cam #36,10,9000,15,76500
976,272,5,Sinh tố bơ,1,570000,0,570000
977,272,45,Xiaomi 14T #45,1,867000,10,780300
978,272,20,Nem chua,2,704000,0,1408000
979,273,49,Bánh cuốn #49,3,781000,5,2225850
980,273,28,Vivo V30,4,437000,15,1485800
981,273,20,Nem chua,1,704000,0,704000
982,274,57,Ốp lưng điện thoại #57,7,16000,15,95200
983,275,59,Nem chua #59,4,194000,15,659600
984,275,7,Nước chanh,4,645000,10,2322000
985,276,49,Bánh cuốn #49,2,781000,0,1562000
986,277,21,Bánh flan,8,557000,0,4456000
987,277,25,Samsung Galaxy A55,3,564000,15,1438200
988,277,51,iPhone 15 #51,4,325000,0,1300000
989,277,9,Bánh mì thịt,7,528000,0,3696000
990,277,44,OPPO Reno12 #44,10,1171000,0,11710000
991,278,9,Bánh mì thịt,3,528000,5,1504800
992,278,38,iPhone 15 #38,8,190000,5,1444000
993,278,41,Mì Quảng #41,9,15000,10,121500
994,278,39,Samsung Galaxy A55 #39,7,482000,0,3374000
995,279,59,Nem chua #59,3,194000,0,582000
996,279,15,Cháo sườn,7,442000,5,2939300
997,279,60,Ốp lưng điện thoại #60,5,337000,5,1600750
998,280,48,Kính cường lực #48,3,245000,0,735000
999,280,20,Nem chua,1,704000,0,704000
1000,281,39,Samsung Galaxy A55 #39,10,482000,0,4820000
1001,281,49,Bánh cuốn #49,7,781000,0,5467000
1002,281,33,Pin dự phòng 10000mAh,2,379000,5,720100
1003,282,37,Cáp sạc USB-C #37,7,444000,5,2952600
1004,282,51,iPhone 15 #51,4,325000,0,1300000
1005,282,49,Bánh cuốn #49,8,781000,0,6248000
1006,282,38,iPhone 15 #38,6,190000,15,969000
1007,282,7,Nước chanh,1,645000,15,548250
1008,282,35,Kính cường lực,3,490000,0,1470000
1009,283,17,Khoai tây chiên,10,447000,0,4470000
1010,283,1,Cà phê đen,9,631000,0,5679000
1011,283,11,Phở bò,7,104000,0,728000
1012,283,9,Bánh mì thịt,7,528000,0,3696000
1013,283,39,Samsung Galaxy A55 #39,5,482000,10,2169000
1014,283,20,Nem chua,9,704000,15,5385600
1015,284,9,Bánh mì thịt,4,528000,15,1795200
1016,284,10,Xôi gà,7,297000,15,1767150
1017,284,37,Cáp sạc USB-C #37,5,444000,0,2220000
1018,284,15,Cháo sườn,3,442000,5,1259700
1019,284,27,OPPO Reno12,1,556000,0,556000
1020,284,38,iPhone 15 #38,2,190000,15,323000
1021,285,18,Bánh tráng trộn,3,43000,15,109650
1022,285,38,iPhone 15 #38,3,190000,0,570000
1023,286,18,Bánh tráng trộn,1,43000,15,36550
1024,286,20,Nem chua,3,704000,0,2112000
1025,287,9,Bánh mì thịt,2,528000,5,1003200
1026,287,28,Vivo V30,2,437000,0,874000
1027,288,10,Xôi gà,10,297000,0,2970000
1028,288,1,Cà phê đen,2,631000,0,1262000
1029,288,7,Nước chanh,9,645000,0,5805000
1030,288,27,OPPO Reno12,7,556000,10,3502800
1031,288,59,Nem chua #59,9,194000,0,1746000
1032,288,36,Nước cam #36,8,9000,5,68400
1033,289,35,Kính cường lực,7,490000,5,3258500
1034,289,25,Samsung Galaxy A55,10,564000,0,5640000
1035,289,38,iPhone 15 #38,6,190000,0,1140000
1036,290,5,Sinh tố bơ,9,570000,0,5130000
1037,290,11,Phở bò,4,104000,0,416000
1038,291,20,Nem chua,1,704000,15,598400
1039,291,1,Cà phê đen,6,631000,15,3218100
1040,291,35,Kính cường lực,8,490000,0,3920000
1041,291,5,Sinh tố bơ,10,570000,5,5415000
1042,291,38,iPhone 15 #38,7,190000,15,1130500
1043,291,44,OPPO Reno12 #44,10,1171000,0,11710000
1044,292,20,Nem chua,10,704000,15,5984000
1045,292,15,Cháo sườn,9,442000,0,3978000
1046,292,57,Ốp lưng điện thoại #57,3,16000,5,45600
1047,293,11,Phở bò,4,104000,0,416000
1048,293,48,Kính cường lực #48,3,245000,15,624750
1049,293,59,Nem chua #59,2,194000,0,388000
1050,293,25,Samsung Galaxy A55,7,564000,15,3355800
1051,294,48,Kính cường lực #48,9,245000,15,1874250
1052,294,11,Phở bò,8,104000,0,832000
1053,294,13,Cơm gà,6,128000,0,768000
1054,295,44,OPPO Reno12 #44,2,1171000,0,2342000
1055,295,24,iPhone 15,2,26000,0,52000
1056,295,26,Xiaomi 14T,10,263000,0,2630000
1057,295,11,Phở bò,2,104000,10,187200
1058,295,28,Vivo V30,6,437000,0,2622000
1059,296,59,Nem chua #59,6,194000,15,989400
1060,296,20,Nem chua,3,704000,10,1900800
1061,296,39,Samsung Galaxy A55 #39,10,482000,10,4338000
1062,296,44,OPPO Reno12 #44,4,1171000,0,4684000
1063,296,35,Kính cường lực,7,490000,0,3430000
1064,297,15,Cháo sườn,5,442000,10,1989000
1065,297,28,Vivo V30,2,437000,0,874000
1066,297,6,Trà sữa trân châu,10,77000,5,731500
1067,297,35,Kính cường lực,4,490000,5,1862000
1068,298,24,iPhone 15,3,26000,5,74100
1069,298,7,Nước chanh,7,645000,0,4515000
1070,299,37,Cáp sạc USB-C #37,5,444000,0,2220000
1071,299,41,Mì Quảng #41,4,15000,15,51000
1072,299,8,Soda chanh leo,9,1004000,5,8584200
1073,299,57,Ốp lưng điện thoại #57,2,16000,0,32000
1074,300,13,Cơm gà,8,128000,0,1024000
1075,300,45,Xiaomi 14T #45,3,867000,0,2601000
1076,301,10,Xôi gà,1,297000,0,297000
1077,301,15,Cháo sườn,6,442000,5,2519400
1078,301,39,Samsung Galaxy A55 #39,3,482000,0,1446000
1079,301,44,OPPO Reno12 #44,2,1171000,10,2107800
1080,301,17,Khoai tây chiên,6,447000,10,2413800
1081,302,25,Samsung Galaxy A55,7,564000,5,3750600
1082,303,9,Bánh mì thịt,1,528000,0,528000
1083,303,47,Chè đậu đỏ #47,2,710000,0,1420000
1084,303,39,Samsung Galaxy A55 #39,2,482000,5,915800
1085,303,27,OPPO Reno12,9,556000,0,5004000
1086,303,45,Xiaomi 14T #45,1,867000,10,780300
1087,303,18,Bánh tráng trộn,10,43000,10,387000
1088,304,39,Samsung Galaxy A55 #39,7,482000,0,3374000
1089,304,48,Kính cường lực #48,10,245000,0,2450000
1090,305,5,Sinh tố bơ,10,570000,10,5130000
1091,305,41,Mì Quảng #41,2,15000,0,30000
1092,305,57,Ốp lưng điện thoại #57,2,16000,0,32000
1093,305,49,Bánh cuốn #49,10,781000,15,6638500
1094,305,8,Soda chanh leo,3,1004000,0,3012000
1095,305,26,Xiaomi 14T,9,263000,5,2248650
1096,306,9,Bánh mì thịt,5,528000,0,2640000
1097,306,60,Ốp lưng điện thoại #60,2,337000,0,674000
1098,307,1,Cà phê đen,9,631000,5,5395050
1099,307,25,Samsung Galaxy A55,3,564000,10,1522800
1100,307,33,Pin dự phòng 10000mAh,8,379000,15,2577200
1101,307,6,Trà sữa trân châu,6,77000,10,415800
1102,307,28,Vivo V30,6,437000,10,2359800
1103,307,36,Nước cam #36,9,9000,10,72900
1104,308,33,Pin dự phòng 10000mAh,3,379000,10,1023300
1105,308,21,Bánh flan,9,557000,0,5013000
1106,309,26,Xiaomi 14T,7,263000,5,1748950
1107,309,39,Samsung Galaxy A55 #39,2,482000,0,964000
1108,309,17,Khoai tây chiên,7,447000,15,2659650
1109,310,20,Nem chua,3,704000,0,2112000
1110,310,38,iPhone 15 #38,7,190000,5,1263500
1111,310,51,iPhone 15 #51,1,325000,10,292500
1112,310,17,Khoai tây chiên,4,447000,0,1788000
1113,310,43,Xôi gà #43,5,390000,0,1950000
1114,310,49,Bánh cuốn #49,9,781000,0,7029000
1115,311,27,OPPO Reno12,5,556000,0,2780000
1116,311,15,Cháo sườn,2,442000,5,839800
1117,311,24,iPhone 15,4,26000,5,98800
1118,312,10,Xôi gà,9,297000,0,2673000
1119,312,57,Ốp lưng điện thoại #57,10,16000,0,160000
1120,312,37,Cáp sạc USB-C #37,1,444000,0,444000
1121,312,28,Vivo V30,6,437000,5,2490900
1122,313,48,Kính cường lực #48,9,245000,15,1874250
1123,313,13,Cơm gà,3,128000,15,326400
1124,313,26,Xiaomi 14T,3,263000,0,789000
1125,313,1,Cà phê đen,7,631000,10,3975300
1126,314,43,Xôi gà #43,3,390000,5,1111500
1127,314,47,Chè đậu đỏ #47,6,710000,5,4047000
1128,315,33,Pin dự phòng 10000mAh,7,379000,0,2653000
1129,316,7,Nước chanh,5,645000,10,2902500
1130,316,9,Bánh mì thịt,8,528000,0,4224000
1131,317,59,Nem chua #59,1,194000,15,164900
1132,317,11,Phở bò,7,104000,15,618800
1133,317,41,Mì Quảng #41,9,15000,15,114750
1134,317,1,Cà phê đen,6,631000,0,3786000
1135,317,20,Nem chua,9,704000,15,5385600
1136,317,47,Chè đậu đỏ #47,10,710000,0,7100000
1137,318,13,Cơm gà,1,128000,5,121600
1138,318,51,iPhone 15 #51,8,325000,5,2470000
1139,318,37,Cáp sạc USB-C #37,3,444000,0,1332000
1140,319,28,Vivo V30,5,437000,5,2075750
1141,320,51,iPhone 15 #51,10,325000,5,3087500
1142,320,6,Trà sữa trân châu,1,77000,0,77000
1143,320,47,Chè đậu đỏ #47,1,710000,10,639000
1144,321,18,Bánh tráng trộn,8,43000,0,344000
1145,321,41,Mì Quảng #41,2,15000,10,27000
1146,321,37,Cáp sạc USB-C #37,9,444000,0,3996000
1147,321,1,Cà phê đen,7,631000,0,4417000
1148,321,10,Xôi gà,8,297000,0,2376000
1149,321,21,Bánh flan,3,557000,15,1420350
1150,322,18,Bánh tráng trộn,8,43000,15,292400
1151,322,59,Nem chua #59,8,194000,0,1552000
1152,322,27,OPPO Reno12,3,556000,0,1668000
1153,322,10,Xôi gà,7,297000,0,2079000
1154,323,43,Xôi gà #43,4,390000,5,1482000
1155,323,36,Nước cam #36,5,9000,0,45000
1156,323,6,Trà sữa trân châu,7,77000,5,512050
1157,323,17,Khoai tây chiên,9,447000,5,3821850
1158,324,39,Samsung Galaxy A55 #39,3,482000,0,1446000
1159,324,13,Cơm gà,9,128000,0,1152000
1160,324,11,Phở bò,4,104000,0,416000
1161,324,10,Xôi gà,6,297000,5,1692900
1162,324,5,Sinh tố bơ,10,570000,15,4845000
1163,324,8,Soda chanh leo,1,1004000,5,953800
1164,325,15,Cháo sườn,3,442000,0,1326000
1165,325,51,iPhone 15 #51,5,325000,0,1625000
1166,326,51,iPhone 15 #51,10,325000,0,3250000
1167,327,41,Mì Quảng #41,5,15000,0,75000
1168,327,6,Trà sữa trân châu,3,77000,5,219450
1169,328,33,Pin dự phòng 10000mAh,1,379000,10,341100
1170,328,24,iPhone 15,7,26000,15,154700
1171,328,36,Nước cam #36,1,9000,0,9000
1172,328,44,OPPO Reno12 #44,2,1171000,0,2342000
1173,328,48,Kính cường lực #48,6,245000,0,1470000
1174,329,7,Nước chanh,6,645000,0,3870000
1175,330,49,Bánh cuốn #49,5,781000,0,3905000
1176,330,38,iPhone 15 #38,2,190000,15,323000
1177,330,36,Nước cam #36,1,9000,15,7650
1178,331,57,Ốp lưng điện thoại #57,10,16000,5,152000
1179,331,38,iPhone 15 #38,2,190000,0,380000
1180,331,25,Samsung Galaxy A55,3,564000,15,1438200
1181,331,27,OPPO Reno12,10,556000,0,5560000
1182,331,21,Bánh flan,1,557000,10,501300
1183,332,36,Nước cam #36,3,9000,0,27000
1184,332,33,Pin dự phòng 10000mAh,3,379000,0,1137000
1185,332,48,Kính cường lực #48,7,245000,10,1543500
1186,332,20,Nem chua,5,704000,10,3168000
1187,332,59,Nem chua #59,6,194000,0,1164000
1188,333,5,Sinh tố bơ,1,570000,10,513000
1189,333,17,Khoai tây chiên,1,447000,15,379950
1190,333,27,OPPO Reno12,4,556000,15,1890400
1191,333,13,Cơm gà,7,128000,5,851200
1192,333,28,Vivo V30,9,437000,10,3539700
1193,334,41,Mì Quảng #41,1,15000,0,15000
1194,334,27,OPPO Reno12,10,556000,0,5560000
1195,334,21,Bánh flan,10,557000,15,4734500
1196,334,18,Bánh tráng trộn,1,43000,10,38700
1197,335,28,Vivo V30,9,437000,0,3933000
1198,335,27,OPPO Reno12,3,556000,0,1668000
1199,336,13,Cơm gà,4,128000,0,512000
1200,336,27,OPPO Reno12,9,556000,0,5004000
1201,336,7,Nước chanh,1,645000,15,548250
1202,337,26,Xiaomi 14T,1,263000,15,223550
1203,337,13,Cơm gà,1,128000,0,128000
1204,337,43,Xôi gà #43,4,390000,15,1326000
1205,337,28,Vivo V30,5,437000,0,2185000
1206,337,35,Kính cường lực,5,490000,0,2450000
1207,338,24,iPhone 15,10,26000,15,221000
1208,338,35,Kính cường lực,7,490000,0,3430000
1209,338,27,OPPO Reno12,8,556000,0,4448000
1210,338,21,Bánh flan,7,557000,0,3899000
1211,339,20,Nem chua,3,704000,15,1795200
1212,339,49,Bánh cuốn #49,5,781000,0,3905000
1213,340,8,Soda chanh leo,4,1004000,5,3815200
1214,340,44,OPPO Reno12 #44,7,1171000,0,8197000
1215,341,1,Cà phê đen,1,631000,0,631000
1216,342,10,Xôi gà,9,297000,15,2272050
1217,343,17,Khoai tây chiên,3,447000,0,1341000
1218,343,33,Pin dự phòng 10000mAh,1,379000,10,341100
1219,343,36,Nước cam #36,5,9000,15,38250
1220,343,48,Kính cường lực #48,9,245000,0,2205000
1221,344,15,Cháo sườn,4,442000,5,1679600
1222,344,1,Cà phê đen,7,631000,0,4417000
1223,344,24,iPhone 15,6,26000,15,132600
1224,344,5,Sinh tố bơ,5,570000,0,2850000
1225,345,37,Cáp sạc USB-C #37,2,444000,0,888000
1226,345,8,Soda chanh leo,2,1004000,0,2008000
1227,345,36,Nước cam #36,10,9000,0,90000
1228,346,15,Cháo sườn,2,442000,0,884000
1229,346,33,Pin dự phòng 10000mAh,8,379000,15,2577200
1230,346,28,Vivo V30,6,437000,0,2622000
1231,346,37,Cáp sạc USB-C #37,2,444000,0,888000
1232,347,8,Soda chanh leo,3,1004000,0,3012000
1233,347,11,Phở bò,6,104000,0,624000
1234,347,44,OPPO Reno12 #44,3,1171000,5,3337350
1235,347,27,OPPO Reno12,6,556000,0,3336000
1236,348,36,Nước cam #36,8,9000,10,64800
1237,348,13,Cơm gà,9,128000,5,1094400
1238,348,25,Samsung Galaxy A55,9,564000,10,4568400
1239,348,39,Samsung Galaxy A55 #39,4,482000,5,1831600
1240,348,43,Xôi gà #43,2,390000,10,702000
1241,348,27,OPPO Reno12,7,556000,10,3502800
1242,349,38,iPhone 15 #38,9,190000,5,1624500
1243,350,28,Vivo V30,3,437000,10,1179900
1244,350,47,Chè đậu đỏ #47,7,710000,0,4970000
1245,351,15,Cháo sườn,2,442000,15,751400
1246,351,39,Samsung Galaxy A55 #39,10,482000,0,4820000
1247,351,5,Sinh tố bơ,8,570000,10,4104000
1248,351,44,OPPO Reno12 #44,3,1171000,0,3513000
1249,351,38,iPhone 15 #38,3,190000,0,570000
1250,351,57,Ốp lưng điện thoại #57,3,16000,0,48000
1251,352,48,Kính cường lực #48,9,245000,15,1874250
1252,352,13,Cơm gà,5,128000,5,608000
1253,353,7,Nước chanh,10,645000,0,6450000
1254,353,6,Trà sữa trân châu,9,77000,0,693000
1255,354,51,iPhone 15 #51,7,325000,0,2275000
1256,354,33,Pin dự phòng 10000mAh,5,379000,0,1895000
1257,354,24,iPhone 15,9,26000,5,222300
1258,355,60,Ốp lưng điện thoại #60,8,337000,5,2561200
1259,355,8,Soda chanh leo,6,1004000,15,5120400
1260,356,27,OPPO Reno12,2,556000,0,1112000
1261,356,10,Xôi gà,6,297000,10,1603800
1262,357,21,Bánh flan,10,557000,0,5570000
1263,358,6,Trà sữa trân châu,10,77000,5,731500
1264,359,28,Vivo V30,4,437000,0,1748000
1265,359,41,Mì Quảng #41,7,15000,15,89250
1266,359,51,iPhone 15 #51,6,325000,0,1950000
1267,360,5,Sinh tố bơ,8,570000,10,4104000
1268,360,39,Samsung Galaxy A55 #39,1,482000,0,482000
1269,361,24,iPhone 15,4,26000,15,88400
1270,362,45,Xiaomi 14T #45,5,867000,0,4335000
1271,362,13,Cơm gà,10,128000,5,1216000
1272,362,36,Nước cam #36,1,9000,15,7650
1273,363,49,Bánh cuốn #49,1,781000,0,781000
1274,363,10,Xôi gà,5,297000,10,1336500
1275,364,17,Khoai tây chiên,10,447000,0,4470000
1276,364,8,Soda chanh leo,6,1004000,0,6024000
1277,364,27,OPPO Reno12,2,556000,0,1112000
1278,365,11,Phở bò,1,104000,0,104000
1279,365,49,Bánh cuốn #49,5,781000,5,3709750
1280,366,35,Kính cường lực,8,490000,0,3920000
1281,366,38,iPhone 15 #38,1,190000,10,171000
1282,366,9,Bánh mì thịt,1,528000,15,448800
1283,366,43,Xôi gà #43,4,390000,15,1326000
1284,366,51,iPhone 15 #51,9,325000,0,2925000
1285,367,24,iPhone 15,7,26000,5,172900
1286,368,10,Xôi gà,7,297000,0,2079000
1287,368,9,Bánh mì thịt,7,528000,0,3696000
1288,368,18,Bánh tráng trộn,2,43000,0,86000
1289,368,41,Mì Quảng #41,6,15000,10,81000
1290,369,6,Trà sữa trân châu,3,77000,15,196350
1291,369,59,Nem chua #59,4,194000,0,776000
1292,369,15,Cháo sườn,10,442000,0,4420000
1293,369,48,Kính cường lực #48,10,245000,5,2327500
1294,370,44,OPPO Reno12 #44,5,1171000,0,5855000
1295,371,45,Xiaomi 14T #45,4,867000,15,2947800
1296,371,43,Xôi gà #43,5,390000,0,1950000
1297,371,57,Ốp lưng điện thoại #57,1,16000,0,16000
1298,372,48,Kính cường lực #48,6,245000,15,1249500
1299,372,59,Nem chua #59,10,194000,5,1843000
1300,372,17,Khoai tây chiên,1,447000,10,402300
1301,372,44,OPPO Reno12 #44,10,1171000,0,11710000
1302,373,35,Kính cường lực,6,490000,0,2940000
1303,373,1,Cà phê đen,7,631000,0,4417000
1304,373,15,Cháo sườn,9,442000,15,3381300
1305,373,47,Chè đậu đỏ #47,1,710000,5,674500
1306,373,57,Ốp lưng điện thoại #57,3,16000,15,40800
1307,373,25,Samsung Galaxy A55,8,564000,15,3835200
1308,374,17,Khoai tây chiên,10,447000,0,4470000
1309,374,39,Samsung Galaxy A55 #39,6,482000,0,2892000
1310,374,21,Bánh flan,1,557000,0,557000
1311,374,37,Cáp sạc USB-C #37,5,444000,10,1998000
1312,374,20,Nem chua,2,704000,15,1196800
1313,375,44,OPPO Reno12 #44,8,1171000,5,8899600
1314,375,57,Ốp lưng điện thoại #57,6,16000,0,96000
1315,375,36,Nước cam #36,9,9000,10,72900
1316,375,11,Phở bò,3,104000,10,280800
1317,375,18,Bánh tráng trộn,7,43000,5,285950
1318,376,9,Bánh mì thịt,1,528000,10,475200
1319,377,51,iPhone 15 #51,4,325000,0,1300000
1320,377,6,Trà sữa trân châu,8,77000,10,554400
1321,377,28,Vivo V30,7,437000,0,3059000
1322,377,43,Xôi gà #43,4,390000,5,1482000
1323,378,24,iPhone 15,5,26000,15,110500
1324,378,51,iPhone 15 #51,5,325000,0,1625000
1325,378,28,Vivo V30,7,437000,15,2600150
1326,379,57,Ốp lưng điện thoại #57,3,16000,10,43200
1327,379,35,Kính cường lực,7,490000,0,3430000
1328,379,36,Nước cam #36,9,9000,5,76950
1329,380,44,OPPO Reno12 #44,6,1171000,10,6323400
1330,380,13,Cơm gà,3,128000,5,364800
1331,380,39,Samsung Galaxy A55 #39,4,482000,0,1928000
1332,380,18,Bánh tráng trộn,3,43000,10,116100
1333,380,41,Mì Quảng #41,2,15000,15,25500
1334,381,5,Sinh tố bơ,7,570000,0,3990000
1335,382,39,Samsung Galaxy A55 #39,1,482000,15,409700
1336,383,24,iPhone 15,5,26000,15,110500
1337,383,33,Pin dự phòng 10000mAh,1,379000,0,379000
1338,383,20,Nem chua,2,704000,0,1408000
1339,383,25,Samsung Galaxy A55,1,564000,15,479400
1340,383,39,Samsung Galaxy A55 #39,10,482000,0,4820000
1341,383,49,Bánh cuốn #49,2,781000,5,1483900
1342,384,8,Soda chanh leo,8,1004000,0,8032000
1343,385,8,Soda chanh leo,6,1004000,15,5120400
1344,385,21,Bánh flan,8,557000,0,4456000
1345,385,43,Xôi gà #43,3,390000,0,1170000
1346,385,39,Samsung Galaxy A55 #39,1,482000,0,482000
1347,386,59,Nem chua #59,2,194000,0,388000
1348,386,1,Cà phê đen,10,631000,0,6310000
1349,386,17,Khoai tây chiên,9,447000,0,4023000
1350,386,57,Ốp lưng điện thoại #57,9,16000,10,129600
1351,386,26,Xiaomi 14T,3,263000,0,789000
1352,387,13,Cơm gà,5,128000,0,640000
1353,388,49,Bánh cuốn #49,4,781000,0,3124000
1354,388,44,OPPO Reno12 #44,3,1171000,0,3513000
1355,388,51,iPhone 15 #51,5,325000,5,1543750
1356,388,41,Mì Quảng #41,2,15000,10,27000
1357,389,44,OPPO Reno12 #44,10,1171000,5,11124500
1358,389,27,OPPO Reno12,7,556000,0,3892000
1359,389,35,Kính cường lực,10,490000,0,4900000
1360,389,10,Xôi gà,6,297000,15,1514700
1361,390,28,Vivo V30,1,437000,0,437000
1362,390,57,Ốp lưng điện thoại #57,3,16000,0,48000
1363,390,37,Cáp sạc USB-C #37,7,444000,0,3108000
1364,390,41,Mì Quảng #41,6,15000,0,90000
1365,391,11,Phở bò,1,104000,15,88400
1366,391,1,Cà phê đen,6,631000,0,3786000
1367,391,35,Kính cường lực,8,490000,10,3528000
1368,392,57,Ốp lưng điện thoại #57,2,16000,10,28800
1369,392,21,Bánh flan,5,557000,15,2367250
1370,393,20,Nem chua,8,704000,0,5632000
1371,393,7,Nước chanh,5,645000,5,3063750
1372,393,49,Bánh cuốn #49,2,781000,0,1562000
1373,394,5,Sinh tố bơ,7,570000,0,3990000
1374,394,28,Vivo V30,9,437000,10,3539700
1375,394,1,Cà phê đen,1,631000,0,631000
1376,394,47,Chè đậu đỏ #47,1,710000,0,710000
1377,394,13,Cơm gà,8,128000,0,1024000
1378,395,35,Kính cường lực,8,490000,5,3724000
1379,395,49,Bánh cuốn #49,2,781000,0,1562000
1380,395,7,Nước chanh,10,645000,0,6450000
1381,395,41,Mì Quảng #41,1,15000,0,15000
1382,395,33,Pin dự phòng 10000mAh,1,379000,0,379000
1383,396,20,Nem chua,6,704000,10,3801600
1384,397,8,Soda chanh leo,10,1004000,5,9538000
1385,397,26,Xiaomi 14T,5,263000,15,1117750
1386,397,36,Nước cam #36,3,9000,0,27000
1387,398,45,Xiaomi 14T #45,10,867000,5,8236500
1388,398,11,Phở bò,8,104000,0,832000
1389,398,57,Ốp lưng điện thoại #57,6,16000,15,81600
1390,398,25,Samsung Galaxy A55,8,564000,0,4512000
1391,399,21,Bánh flan,2,557000,5,1058300
1392,399,8,Soda chanh leo,1,1004000,0,1004000
1393,400,21,Bánh flan,6,557000,0,3342000
1394,400,57,Ốp lưng điện thoại #57,8,16000,15,108800
1395,400,51,iPhone 15 #51,3,325000,10,877500
1396,401,51,iPhone 15 #51,7,325000,0,2275000
1397,401,20,Nem chua,5,704000,10,3168000
1398,401,41,Mì Quảng #41,2,15000,0,30000
1399,401,8,Soda chanh leo,8,1004000,0,8032000
1400,401,27,OPPO Reno12,2,556000,0,1112000
1401,402,45,Xiaomi 14T #45,2,867000,0,1734000
1402,402,37,Cáp sạc USB-C #37,7,444000,0,3108000
1403,402,26,Xiaomi 14T,3,263000,5,749550
1404,402,11,Phở bò,9,104000,5,889200
1405,402,60,Ốp lưng điện thoại #60,9,337000,0,3033000
1406,403,44,OPPO Reno12 #44,3,1171000,10,3161700
1407,403,20,Nem chua,5,704000,10,3168000
1408,403,28,Vivo V30,10,437000,5,4151500
1409,403,41,Mì Quảng #41,9,15000,5,128250
1410,404,6,Trà sữa trân châu,10,77000,0,770000
1411,405,41,Mì Quảng #41,4,15000,0,60000
1412,405,10,Xôi gà,4,297000,0,1188000
1413,405,24,iPhone 15,5,26000,15,110500
1414,405,27,OPPO Reno12,10,556000,0,5560000
1415,405,49,Bánh cuốn #49,1,781000,0,781000
1416,406,25,Samsung Galaxy A55,6,564000,5,3214800
1417,406,17,Khoai tây chiên,3,447000,0,1341000
1418,406,35,Kính cường lực,8,490000,5,3724000
1419,406,8,Soda chanh leo,6,1004000,0,6024000
1420,406,59,Nem chua #59,3,194000,0,582000
1421,406,9,Bánh mì thịt,2,528000,0,1056000
1422,407,48,Kính cường lực #48,1,245000,0,245000
1423,407,11,Phở bò,10,104000,15,884000
1424,408,10,Xôi gà,5,297000,15,1262250
1425,409,49,Bánh cuốn #49,8,781000,0,6248000
1426,409,26,Xiaomi 14T,6,263000,0,1578000
1427,409,38,iPhone 15 #38,6,190000,10,1026000
1428,410,15,Cháo sườn,7,442000,0,3094000
1429,411,44,OPPO Reno12 #44,7,1171000,15,6967450
1430,411,38,iPhone 15 #38,2,190000,0,380000
1431,411,21,Bánh flan,9,557000,5,4762350
1432,411,9,Bánh mì thịt,9,528000,0,4752000
1433,411,20,Nem chua,5,704000,15,2992000
1434,411,47,Chè đậu đỏ #47,6,710000,0,4260000
1435,412,57,Ốp lưng điện thoại #57,10,16000,0,160000
1436,412,36,Nước cam #36,5,9000,0,45000
1437,412,11,Phở bò,1,104000,5,98800
1438,412,44,OPPO Reno12 #44,3,1171000,5,3337350
1439,412,47,Chè đậu đỏ #47,3,710000,10,1917000
1440,413,8,Soda chanh leo,8,1004000,0,8032000
1441,413,28,Vivo V30,4,437000,0,1748000
1442,413,1,Cà phê đen,10,631000,0,6310000
1443,414,7,Nước chanh,5,645000,0,3225000
1444,415,27,OPPO Reno12,3,556000,15,1417800
1445,416,37,Cáp sạc USB-C #37,7,444000,0,3108000
1446,416,25,Samsung Galaxy A55,5,564000,0,2820000
1447,416,39,Samsung Galaxy A55 #39,10,482000,0,4820000
1448,416,44,OPPO Reno12 #44,3,1171000,10,3161700
1449,417,60,Ốp lưng điện thoại #60,5,337000,10,1516500
1450,417,20,Nem chua,8,704000,10,5068800
1451,417,33,Pin dự phòng 10000mAh,3,379000,5,1080150
1452,417,9,Bánh mì thịt,7,528000,0,3696000
1453,418,37,Cáp sạc USB-C #37,7,444000,5,2952600
1454,418,47,Chè đậu đỏ #47,1,710000,10,639000
1455,418,60,Ốp lưng điện thoại #60,1,337000,5,320150
1456,418,44,OPPO Reno12 #44,2,1171000,0,2342000
1457,418,59,Nem chua #59,10,194000,0,1940000
1458,418,21,Bánh flan,4,557000,10,2005200
1459,419,41,Mì Quảng #41,3,15000,5,42750
1460,420,7,Nước chanh,5,645000,15,2741250
1461,421,36,Nước cam #36,4,9000,10,32400
1462,421,7,Nước chanh,3,645000,10,1741500
1463,421,11,Phở bò,8,104000,0,832000
1464,421,51,iPhone 15 #51,4,325000,15,1105000
1465,421,59,Nem chua #59,3,194000,0,582000
1466,421,37,Cáp sạc USB-C #37,5,444000,15,1887000
1467,422,15,Cháo sườn,10,442000,0,4420000
1468,423,45,Xiaomi 14T #45,7,867000,5,5765550
1469,423,41,Mì Quảng #41,3,15000,0,45000
1470,423,7,Nước chanh,9,645000,0,5805000
1471,423,11,Phở bò,10,104000,15,884000
1472,423,33,Pin dự phòng 10000mAh,8,379000,15,2577200
1473,424,25,Samsung Galaxy A55,5,564000,0,2820000
1474,424,17,Khoai tây chiên,2,447000,10,804600
1475,424,51,iPhone 15 #51,8,325000,0,2600000
1476,424,20,Nem chua,5,704000,5,3344000
1477,424,48,Kính cường lực #48,7,245000,15,1457750
1478,424,60,Ốp lưng điện thoại #60,2,337000,5,640300
1479,425,39,Samsung Galaxy A55 #39,1,482000,0,482000
1480,425,1,Cà phê đen,3,631000,5,1798350
1481,425,33,Pin dự phòng 10000mAh,8,379000,0,3032000
1482,425,6,Trà sữa trân châu,1,77000,0,77000
1483,425,45,Xiaomi 14T #45,6,867000,10,4681800
1484,426,15,Cháo sườn,10,442000,0,4420000
1485,426,37,Cáp sạc USB-C #37,8,444000,15,3019200
1486,427,48,Kính cường lực #48,7,245000,5,1629250
1487,428,35,Kính cường lực,3,490000,0,1470000
1488,428,37,Cáp sạc USB-C #37,2,444000,15,754800
1489,428,41,Mì Quảng #41,2,15000,5,28500
1490,428,8,Soda chanh leo,8,1004000,0,8032000
1491,428,6,Trà sữa trân châu,4,77000,15,261800
1492,428,1,Cà phê đen,4,631000,0,2524000
1493,429,11,Phở bò,8,104000,0,832000
1494,429,6,Trà sữa trân châu,10,77000,15,654500
1495,429,8,Soda chanh leo,1,1004000,0,1004000
1496,430,60,Ốp lưng điện thoại #60,5,337000,0,1685000
1497,430,20,Nem chua,4,704000,15,2393600
1498,430,59,Nem chua #59,3,194000,5,552900
1499,430,26,Xiaomi 14T,9,263000,0,2367000
1500,430,49,Bánh cuốn #49,2,781000,10,1405800
1501,430,24,iPhone 15,1,26000,15,22100
1502,431,59,Nem chua #59,9,194000,5,1658700
1503,431,8,Soda chanh leo,4,1004000,0,4016000
1504,431,36,Nước cam #36,10,9000,5,85500
1505,431,18,Bánh tráng trộn,9,43000,0,387000
1506,432,39,Samsung Galaxy A55 #39,2,482000,5,915800
1507,432,8,Soda chanh leo,4,1004000,0,4016000
1508,432,9,Bánh mì thịt,10,528000,10,4752000
1509,432,13,Cơm gà,6,128000,0,768000
1510,432,33,Pin dự phòng 10000mAh,4,379000,0,1516000
1511,432,7,Nước chanh,5,645000,5,3063750
1512,433,57,Ốp lưng điện thoại #57,5,16000,5,76000
1513,433,51,iPhone 15 #51,10,325000,0,3250000
1514,434,26,Xiaomi 14T,3,263000,0,789000
1515,434,20,Nem chua,9,704000,15,5385600
1516,434,36,Nước cam #36,6,9000,15,45900
1517,434,7,Nước chanh,1,645000,0,645000
1518,435,43,Xôi gà #43,10,390000,15,3315000
1519,436,6,Trà sữa trân châu,8,77000,10,554400
1520,437,5,Sinh tố bơ,1,570000,0,570000
1521,437,7,Nước chanh,9,645000,10,5224500
1522,438,13,Cơm gà,8,128000,0,1024000
1523,438,44,OPPO Reno12 #44,10,1171000,0,11710000
1524,438,60,Ốp lưng điện thoại #60,6,337000,0,2022000
1525,438,11,Phở bò,6,104000,5,592800
1526,439,59,Nem chua #59,1,194000,0,194000
1527,439,6,Trà sữa trân châu,1,77000,0,77000
1528,439,1,Cà phê đen,8,631000,0,5048000
1529,439,25,Samsung Galaxy A55,5,564000,0,2820000
1530,440,41,Mì Quảng #41,2,15000,15,25500
1531,440,48,Kính cường lực #48,2,245000,0,490000
1532,441,45,Xiaomi 14T #45,6,867000,10,4681800
1533,441,33,Pin dự phòng 10000mAh,5,379000,15,1610750
1534,442,37,Cáp sạc USB-C #37,7,444000,15,2641800
1535,443,24,iPhone 15,6,26000,15,132600
1536,443,33,Pin dự phòng 10000mAh,3,379000,0,1137000
1537,443,60,Ốp lưng điện thoại #60,4,337000,15,1145800
1538,443,21,Bánh flan,8,557000,15,3787600
1539,443,11,Phở bò,8,104000,0,832000
1540,444,9,Bánh mì thịt,10,528000,5,5016000
1541,444,7,Nước chanh,8,645000,0,5160000
1542,444,27,OPPO Reno12,7,556000,5,3697400
1543,445,59,Nem chua #59,9,194000,0,1746000
1544,445,7,Nước chanh,1,645000,10,580500
1545,445,33,Pin dự phòng 10000mAh,6,379000,0,2274000
1546,445,6,Trà sữa trân châu,10,77000,0,770000
1547,446,7,Nước chanh,10,645000,15,5482500
1548,446,10,Xôi gà,10,297000,10,2673000
1549,446,39,Samsung Galaxy A55 #39,5,482000,0,2410000
1550,446,28,Vivo V30,7,437000,5,2906050
1551,446,47,Chè đậu đỏ #47,4,710000,0,2840000
1552,446,21,Bánh flan,1,557000,0,557000
1553,447,6,Trà sữa trân châu,10,77000,0,770000
1554,447,27,OPPO Reno12,2,556000,0,1112000
1555,447,38,iPhone 15 #38,10,190000,15,1615000
1556,447,26,Xiaomi 14T,6,263000,0,1578000
1557,448,37,Cáp sạc USB-C #37,8,444000,15,3019200
1558,449,60,Ốp lưng điện thoại #60,5,337000,0,1685000
1559,449,35,Kính cường lực,5,490000,5,2327500
1560,449,8,Soda chanh leo,3,1004000,0,3012000
1561,449,45,Xiaomi 14T #45,3,867000,0,2601000
1562,449,18,Bánh tráng trộn,10,43000,15,365500
1563,450,45,Xiaomi 14T #45,1,867000,15,736950
1564,450,35,Kính cường lực,5,490000,0,2450000
1565,450,6,Trà sữa trân châu,1,77000,15,65450
1566,450,60,Ốp lưng điện thoại #60,6,337000,10,1819800
1567,450,24,iPhone 15,1,26000,10,23400
1568,451,8,Soda chanh leo,7,1004000,0,7028000
1569,451,25,Samsung Galaxy A55,7,564000,0,3948000
1570,451,21,Bánh flan,3,557000,0,1671000
1571,451,35,Kính cường lực,6,490000,10,2646000
1572,451,38,iPhone 15 #38,6,190000,0,1140000
1573,452,28,Vivo V30,3,437000,10,1179900
1574,453,51,iPhone 15 #51,3,325000,5,926250
1575,453,37,Cáp sạc USB-C #37,2,444000,0,888000
1576,453,21,Bánh flan,4,557000,10,2005200
1577,453,39,Samsung Galaxy A55 #39,9,482000,10,3904200
1578,453,6,Trà sữa trân châu,9,77000,15,589050
1579,453,36,Nước cam #36,7,9000,10,56700
1580,454,45,Xiaomi 14T #45,4,867000,0,3468000
1581,454,35,Kính cường lực,4,490000,0,1960000
1582,454,27,OPPO Reno12,4,556000,5,2112800
1583,454,20,Nem chua,6,704000,15,3590400
1584,454,28,Vivo V30,2,437000,15,742900
1585,455,51,iPhone 15 #51,8,325000,5,2470000
1586,455,8,Soda chanh leo,4,1004000,10,3614400
1587,455,38,iPhone 15 #38,3,190000,10,513000
1588,455,48,Kính cường lực #48,4,245000,5,931000
1589,455,24,iPhone 15,10,26000,15,221000
1590,456,43,Xôi gà #43,7,390000,10,2457000
1591,457,1,Cà phê đen,5,631000,10,2839500
1592,457,17,Khoai tây chiên,8,447000,15,3039600
1593,457,11,Phở bò,2,104000,0,208000
1594,457,43,Xôi gà #43,1,390000,5,370500
1595,458,44,OPPO Reno12 #44,9,1171000,0,10539000
1596,458,37,Cáp sạc USB-C #37,5,444000,0,2220000
1597,458,13,Cơm gà,6,128000,0,768000
1598,458,41,Mì Quảng #41,10,15000,10,135000
1599,459,45,Xiaomi 14T #45,3,867000,15,2210850
1600,459,44,OPPO Reno12 #44,3,1171000,15,2986050
1601,459,28,Vivo V30,10,437000,10,3933000
1602,459,48,Kính cường lực #48,2,245000,0,490000
1603,460,18,Bánh tráng trộn,4,43000,0,172000
1604,460,51,iPhone 15 #51,8,325000,0,2600000
1605,460,27,OPPO Reno12,1,556000,10,500400
1606,460,10,Xôi gà,9,297000,10,2405700
1607,461,6,Trà sữa trân châu,7,77000,10,485100
1608,461,21,Bánh flan,5,557000,10,2506500
1609,462,49,Bánh cuốn #49,3,781000,0,2343000
1610,462,45,Xiaomi 14T #45,5,867000,10,3901500
1611,462,24,iPhone 15,2,26000,0,52000
1612,463,5,Sinh tố bơ,9,570000,10,4617000
1613,463,6,Trà sữa trân châu,4,77000,0,308000
1614,464,44,OPPO Reno12 #44,5,1171000,0,5855000
1615,464,45,Xiaomi 14T #45,2,867000,5,1647300
1616,464,57,Ốp lưng điện thoại #57,7,16000,5,106400
1617,464,13,Cơm gà,5,128000,0,640000
1618,464,47,Chè đậu đỏ #47,3,710000,0,2130000
1619,465,17,Khoai tây chiên,5,447000,5,2123250
1620,465,51,iPhone 15 #51,9,325000,15,2486250
1621,465,36,Nước cam #36,2,9000,15,15300
1622,466,6,Trà sữa trân châu,4,77000,15,261800
1623,466,1,Cà phê đen,4,631000,0,2524000
1624,466,25,Samsung Galaxy A55,8,564000,0,4512000
1625,466,13,Cơm gà,8,128000,0,1024000
1626,466,39,Samsung Galaxy A55 #39,8,482000,0,3856000
1627,467,21,Bánh flan,10,557000,0,5570000
1628,467,1,Cà phê đen,3,631000,0,1893000
1629,467,44,OPPO Reno12 #44,7,1171000,15,6967450
1630,467,8,Soda chanh leo,5,1004000,10,4518000
1631,467,49,Bánh cuốn #49,7,781000,15,4646950
1632,467,27,OPPO Reno12,10,556000,0,5560000
1633,468,28,Vivo V30,8,437000,15,2971600
1634,468,49,Bánh cuốn #49,7,781000,10,4920300
1635,469,43,Xôi gà #43,4,390000,15,1326000
1636,469,45,Xiaomi 14T #45,7,867000,0,6069000
1637,469,35,Kính cường lực,3,490000,5,1396500
1638,470,49,Bánh cuốn #49,5,781000,0,3905000
1639,470,43,Xôi gà #43,9,390000,0,3510000
1640,470,25,Samsung Galaxy A55,7,564000,0,3948000
1641,470,5,Sinh tố bơ,9,570000,0,5130000
1642,471,7,Nước chanh,4,645000,0,2580000
1643,471,27,OPPO Reno12,1,556000,0,556000
1644,471,49,Bánh cuốn #49,8,781000,5,5935600
1645,472,36,Nước cam #36,3,9000,10,24300
1646,473,8,Soda chanh leo,9,1004000,0,9036000
1647,473,7,Nước chanh,3,645000,10,1741500
1648,473,57,Ốp lưng điện thoại #57,7,16000,15,95200
1649,473,21,Bánh flan,4,557000,0,2228000
1650,473,38,iPhone 15 #38,3,190000,0,570000
1651,474,5,Sinh tố bơ,9,570000,0,5130000
1652,475,25,Samsung Galaxy A55,5,564000,15,2397000
1653,475,6,Trà sữa trân châu,2,77000,5,146300
1654,476,43,Xôi gà #43,2,390000,15,663000
1655,476,5,Sinh tố bơ,10,570000,5,5415000
1656,476,1,Cà phê đen,4,631000,10,2271600
1657,476,59,Nem chua #59,5,194000,0,970000
1658,476,15,Cháo sườn,7,442000,10,2784600
1659,477,48,Kính cường lực #48,7,245000,10,1543500
1660,477,39,Samsung Galaxy A55 #39,5,482000,5,2289500
1661,477,28,Vivo V30,5,437000,15,1857250
1662,477,44,OPPO Reno12 #44,9,1171000,10,9485100
1663,477,9,Bánh mì thịt,4,528000,5,2006400
1664,477,11,Phở bò,1,104000,5,98800
1665,478,5,Sinh tố bơ,8,570000,10,4104000
1666,478,41,Mì Quảng #41,2,15000,15,25500
1667,478,24,iPhone 15,5,26000,0,130000
1668,478,45,Xiaomi 14T #45,3,867000,15,2210850
1669,478,38,iPhone 15 #38,2,190000,0,380000
1670,479,48,Kính cường lực #48,8,245000,0,1960000
1671,479,57,Ốp lưng điện thoại #57,7,16000,0,112000
1672,479,24,iPhone 15,6,26000,0,156000
1673,479,7,Nước chanh,1,645000,0,645000
1674,480,59,Nem chua #59,6,194000,5,1105800
1675,480,49,Bánh cuốn #49,8,781000,10,5623200
1676,480,35,Kính cường lực,9,490000,15,3748500
1677,480,25,Samsung Galaxy A55,2,564000,0,1128000
1678,481,11,Phở bò,7,104000,5,691600
1679,481,17,Khoai tây chiên,3,447000,15,1139850
1680,481,20,Nem chua,9,704000,5,6019200
1681,481,45,Xiaomi 14T #45,3,867000,15,2210850
1682,481,60,Ốp lưng điện thoại #60,9,337000,5,2881350
1683,481,5,Sinh tố bơ,7,570000,0,3990000
1684,482,38,iPhone 15 #38,4,190000,10,684000
1685,482,17,Khoai tây chiên,6,447000,10,2413800
1686,482,15,Cháo sườn,10,442000,0,4420000
1687,482,28,Vivo V30,8,437000,5,3321200
1688,482,57,Ốp lưng điện thoại #57,4,16000,0,64000
1689,483,18,Bánh tráng trộn,1,43000,0,43000
1690,483,15,Cháo sườn,4,442000,0,1768000
1691,483,48,Kính cường lực #48,2,245000,10,441000
1692,483,8,Soda chanh leo,8,1004000,0,8032000
1693,484,60,Ốp lưng điện thoại #60,1,337000,0,337000
1694,484,24,iPhone 15,5,26000,0,130000
1695,484,37,Cáp sạc USB-C #37,7,444000,10,2797200
1696,485,20,Nem chua,3,704000,0,2112000
1697,485,8,Soda chanh leo,10,1004000,0,10040000
1698,485,15,Cháo sườn,3,442000,10,1193400
1699,485,10,Xôi gà,10,297000,15,2524500
1700,485,21,Bánh flan,7,557000,0,3899000
1701,485,13,Cơm gà,10,128000,10,1152000
1702,486,21,Bánh flan,10,557000,0,5570000
1703,486,9,Bánh mì thịt,3,528000,0,1584000
1704,487,44,OPPO Reno12 #44,9,1171000,0,10539000
1705,487,48,Kính cường lực #48,4,245000,10,882000
1706,487,35,Kính cường lực,7,490000,5,3258500
1707,487,33,Pin dự phòng 10000mAh,7,379000,15,2255050
1708,488,21,Bánh flan,9,557000,5,4762350
1709,488,17,Khoai tây chiên,8,447000,15,3039600
1710,488,27,OPPO Reno12,5,556000,15,2363000
1711,488,15,Cháo sườn,2,442000,10,795600
1712,488,44,OPPO Reno12 #44,7,1171000,15,6967450
1713,489,44,OPPO Reno12 #44,4,1171000,5,4449800
1714,489,21,Bánh flan,6,557000,0,3342000
1715,489,60,Ốp lưng điện thoại #60,1,337000,0,337000
1716,490,10,Xôi gà,9,297000,0,2673000
1717,490,38,iPhone 15 #38,10,190000,0,1900000
1718,490,26,Xiaomi 14T,1,263000,15,223550
1719,491,5,Sinh tố bơ,8,570000,10,4104000
1720,492,38,iPhone 15 #38,1,190000,10,171000
1721,493,7,Nước chanh,8,645000,15,4386000
1722,494,5,Sinh tố bơ,6,570000,15,2907000
1723,494,36,Nước cam #36,3,9000,10,24300
1724,495,7,Nước chanh,5,645000,0,3225000
1725,495,8,Soda chanh leo,3,1004000,5,2861400
1726,495,20,Nem chua,1,704000,0,704000
1727,495,51,iPhone 15 #51,10,325000,0,3250000
1728,495,15,Cháo sườn,9,442000,5,3779100
1729,495,38,iPhone 15 #38,3,190000,15,484500
1730,496,9,Bánh mì thịt,2,528000,0,1056000
1731,496,47,Chè đậu đỏ #47,6,710000,10,3834000
1732,496,11,Phở bò,1,104000,0,104000
1733,496,18,Bánh tráng trộn,1,43000,0,43000
1734,497,20,Nem chua,5,704000,0,3520000
1735,497,13,Cơm gà,5,128000,0,640000
1736,497,33,Pin dự phòng 10000mAh,10,379000,0,3790000
1737,497,7,Nước chanh,7,645000,0,4515000
1738,497,39,Samsung Galaxy A55 #39,4,482000,0,1928000
1739,497,37,Cáp sạc USB-C #37,4,444000,0,1776000
1740,498,38,iPhone 15 #38,8,190000,15,1292000
1741,498,37,Cáp sạc USB-C #37,3,444000,0,1332000
1742,498,57,Ốp lưng điện thoại #57,10,16000,5,152000
1743,499,28,Vivo V30,9,437000,0,3933000
1744,499,21,Bánh flan,5,557000,0,2785000
1745,499,36,Nước cam #36,8,9000,0,72000
1746,499,51,iPhone 15 #51,1,325000,0,325000
1747,499,27,OPPO Reno12,9,556000,15,4253400
1748,499,6,Trà sữa trân châu,3,77000,5,219450
1749,500,6,Trà sữa trân châu,7,77000,5,512050
1750,500,35,Kính cường lực,6,490000,0,2940000
1751,500,10,Xôi gà,2,297000,0,594000
1752,500,37,Cáp sạc USB-C #37,6,444000,0,2664000
1753,500,1,Cà phê đen,3,631000,5,1798350
1754,500,9,Bánh mì thịt,9,528000,0,4752000
